postcode,postcode_space,postcode area,Median download speed (Mbit/s),Average download speed (Mbit/s),Minimum download speed (Mbit/s),Maximum download speed (Mbit/s),Average download speed (Mbit/s) for lines < 10Mbit/s,Average download speed (Mbit/s) for lines 10<30Mbit/s,Average download speed (Mbit/s) for SFBB lines,Average download speed (Mbit/s) for UFBB lines,Median upload speed (Mbit/s),Average upload speed (Mbit/s),Minimum upload speed (Mbit/s),Maximum upload speed (Mbit/s),Average upload speed (Mbit/s) for lines < 10Mbit/s,Average upload speed (Mbit/s) for lines 10<30Mbit/s,Average upload speed (Mbit/s) for SFBB lines,Average upload speed (Mbit/s) for UFBB lines,Number of connections < 2 Mbit/s (number of lines),Number of connections 2<5 Mbit/s (number of lines),Number of connections 5<10 Mbit/s (number of lines),Number of connections 10<30 Mbit/s (number of lines) ,Number of connections 30<300 Mbit/s (number of lines),Number of connections >= 300 Mbit/s (number of lines),Number of connections >= 30 Mbit/s (number of lines),Average data usage (GB) for lines < 10Mbit/s,Average data usage (GB) for Basic BB lines,Average data usage (GB) for SFBB lines,Average data usage (GB) for UFBB lines,Average data usage (GB),Median download speed (Mbit/s)__Score,Overall_Score
AB101AU,AB10 1AU,AB,0.1503957783641161,17.4,8.1,72.2,8.7,15.9,72.2,,1.1,1.9,0.4,20.0,1.0,1.1,20.0,,,,,20.0,,,,202.0,196.0,172.0,,196,-1.3050174786139674,0.9279588058881068
AB101BA,AB10 1BA,AB,0.20448548812664907,18.8,7.8,23.8,8.7,19.8,72.2,,1.1,1.1,0.4,1.3,0.6,1.1,20.0,,,,,20.0,,,,31.0,202.0,172.0,,182,-0.7170425706670153,0.9279588058881068
AB101BB,AB10 1BB,AB,0.1279683377308707,17.3,4.7,69.1,6.5,16.0,69.1,,1.1,2.6,0.8,20.0,1.0,1.1,20.0,,,,,7.0,,,,90.0,78.0,258.0,,97,-1.5488119526407524,0.9279588058881068
AB101BD,AB10 1BD,AB,0.12005277044854881,12.9,8.1,16.2,8.1,14.1,69.1,,1.0,0.9,0.7,1.2,0.7,1.0,20.0,,,,,4.0,,,,1.0,81.0,258.0,,65,-1.6348570611207942,0.9279588058881068
AB101FG,AB10 1FG,AB,0.17810026385224273,19.8,14.3,69.0,8.1,17.5,69.0,,1.1,2.0,0.9,20.0,0.7,1.1,20.0,,,,,21.0,,,,1.0,453.0,568.0,,458,-1.0038595989338215,0.9279588058881068
AB101FL,AB10 1FL,AB,0.18337730870712404,17.3,11.5,22.0,8.1,17.3,69.0,,1.1,1.1,0.7,1.3,0.7,1.1,20.0,,,,,23.0,,,,1.0,374.0,568.0,,374,-0.9464961932804596,0.9279588058881068
AB101HF,AB10 1HF,AB,0.133245382585752,13.4,3.7,18.2,3.7,14.6,69.0,,1.1,1.1,0.8,1.2,0.8,1.1,20.0,,,,,8.0,,,,29.0,254.0,568.0,,212,-1.491448546987391,0.9279588058881068
AB101HP,AB10 1HP,AB,0.16094986807387862,15.9,12.9,19.6,3.7,15.9,69.0,,1.1,1.1,1.0,1.3,0.8,1.1,20.0,,,,,9.0,,,,29.0,44.0,568.0,,44,-1.190290667307245,0.9279588058881068
AB101HW,AB10 1HW,AB,0.13720316622691292,18.3,3.9,80.0,8.0,17.4,61.1,,1.2,2.2,0.3,20.0,0.7,1.1,15.2,,,,6.0,14.0,,,,14.0,12.0,75.0,,20,-1.4484259927473706,0.9279588058881068
AB101JE,AB10 1JE,AB,0.12401055408970976,19.2,4.6,69.8,6.3,14.2,69.8,,1.1,3.4,0.4,20.0,0.8,1.0,20.0,,,,6.0,5.0,,,,48.0,514.0,466.0,,391,-1.5918345068807733,0.9279588058881068
AB101JG,AB10 1JG,AB,0.133245382585752,16.4,4.9,55.0,6.3,14.4,55.0,,1.1,1.7,0.7,10.0,1.0,1.0,10.0,,,,6.0,9.0,,,,19.0,147.0,487.0,,154,-1.491448546987391,0.9279588058881068
AB101JJ,AB10 1JJ,AB,0.10554089709762532,15.0,5.1,51.7,7.8,14.9,51.7,,1.1,2.3,0.4,18.0,1.0,1.2,18.0,,,,5.0,8.0,,,,16.0,141.0,264.0,,99,-1.7926064266675377,0.9279588058881068
AB101JL,AB10 1JL,AB,0.12269129287598945,12.6,4.5,18.0,5.8,15.4,51.7,,1.0,1.1,0.7,2.2,0.8,1.3,18.0,,,,5.0,5.0,,,,25.0,183.0,264.0,,138,-1.6061753582941136,0.9279588058881068
AB101JN,AB10 1JN,AB,0.1503957783641161,14.3,4.3,18.5,4.3,16.3,51.7,,1.1,1.0,0.4,1.2,0.4,1.1,18.0,,,,5.0,5.0,,,,14.0,36.0,264.0,,32,-1.3050174786139674,0.9279588058881068
AB101JQ,AB10 1JQ,AB,0.17150395778364116,22.0,8.1,62.6,8.1,17.6,62.6,,1.2,3.5,0.9,20.0,0.9,1.2,20.0,,,,5.0,6.0,,,,20.0,299.0,130.0,,243,-1.0755638560005227,0.9279588058881068
AB101JR,AB10 1JR,AB,0.11873350923482848,13.7,4.0,24.3,4.0,16.1,62.6,,1.1,1.1,0.8,1.3,1.1,1.1,20.0,,,,5.0,4.0,,,,20.0,106.0,130.0,,106,-1.6491979125341347,0.9279588058881068
AB101JS,AB10 1JS,AB,0.15567282321899736,19.5,7.4,40.0,7.4,16.6,40.0,,1.2,2.5,0.9,10.0,0.9,1.1,10.0,,,,5.0,10.0,,,,188.0,311.0,28.0,,234,-1.2476540729606063,0.9279588058881068
AB101JT,AB10 1JT,AB,0.16094986807387862,15.2,8.1,21.8,8.1,16.1,40.0,,1.1,1.0,0.7,1.2,1.0,1.1,10.0,,,,5.0,8.0,,,,44.0,236.0,28.0,,215,-1.190290667307245,0.9279588058881068
AB101JX,AB10 1JX,AB,0.1569920844327177,21.7,11.5,72.8,8.1,17.0,72.8,,1.2,2.5,0.4,18.8,1.0,1.0,18.8,,,,5.0,11.0,,,,44.0,180.0,620.0,,217,-1.2333132215472657,0.9279588058881068
AB101LB,AB10 1LB,AB,0.18337730870712404,17.3,8.1,23.5,8.1,18.3,72.8,,1.0,1.0,0.9,1.2,1.1,1.0,18.8,,,,5.0,9.0,,,,1.0,95.0,620.0,,86,-0.9464961932804596,0.9279588058881068
AB101NN,AB10 1NN,AB,0.15831134564643798,32.1,2.0,80.0,2.0,14.4,59.8,,9.9,8.6,1.0,20.0,17.0,1.1,13.3,,,,5.0,9.0,,,,36.0,446.0,321.0,,334,-1.218972370133926,0.9279588058881068
AB101NP,AB10 1NP,AB,0.6002638522427441,47.9,12.3,80.0,2.0,15.8,80.0,,10.6,10.5,0.9,20.0,17.0,1.1,20.0,,,,5.0,4.0,4.0,,4.0,36.0,161.0,77.0,,119,3.585212853335075,0.9279588058881068
AB101PE,AB10 1PE,AB,0.133245382585752,39.9,8.5,80.0,9.2,12.6,73.9,,1.2,9.6,0.8,20.0,0.9,1.0,20.0,,,,5.0,4.0,5.0,,5.0,172.0,196.0,215.0,,200,-1.491448546987391,0.9279588058881068
AB101PF,AB10 1PF,AB,0.133245382585752,27.5,5.5,80.0,5.5,16.9,70.4,,1.2,6.1,0.3,20.0,0.3,2.9,18.5,,,,5.0,6.0,5.0,,5.0,4.0,100.0,191.0,,109,-1.491448546987391,0.9279588058881068
AB101QD,AB10 1QD,AB,0.312664907651715,37.3,7.9,78.7,7.9,14.8,61.5,,5.6,9.3,1.0,20.0,1.1,1.1,17.5,,,,5.0,6.0,4.0,,4.0,115.0,240.0,86.0,,147,0.45890724522688875,0.9279588058881068
AB101QE,AB10 1QE,AB,0.15831134564643798,26.3,6.6,67.3,8.2,14.8,49.7,,1.3,5.4,0.6,16.9,0.9,1.1,13.3,,,,5.0,7.0,5.0,,5.0,262.0,309.0,149.0,,245,-1.218972370133926,0.9279588058881068
AB101QH,AB10 1QH,AB,0.47229551451187335,37.3,4.5,80.0,6.2,14.6,58.1,,10.0,8.1,0.9,20.0,1.1,1.7,13.8,,,,5.0,10.0,14.0,,14.0,117.0,495.0,269.0,,338,2.1941502662410652,0.9279588058881068
AB101QJ,AB10 1QJ,AB,0.47229551451187335,33.5,2.7,72.5,6.0,17.2,45.8,,10.0,8.9,0.5,20.0,0.7,4.0,12.7,,,,5.0,5.0,11.0,,11.0,252.0,251.0,288.0,,274,2.1941502662410652,0.9279588058881068
AB101QL,AB10 1QL,AB,0.11873350923482848,20.6,3.9,40.0,3.9,14.7,40.0,,1.1,3.5,0.7,10.0,1.0,1.1,10.0,,,,5.0,7.0,11.0,,11.0,42.0,91.0,155.0,,104,-1.6491979125341347,0.9279588058881068
AB101QN,AB10 1QN,AB,0.08575197889182057,15.6,5.4,77.1,7.8,11.4,55.7,,1.1,2.6,0.5,20.0,0.9,1.1,13.3,,,,10.0,10.0,11.0,,11.0,133.0,278.0,136.0,,196,-2.007719197867642,0.9279588058881068
AB101QQ,AB10 1QQ,AB,0.2941952506596306,26.5,13.0,40.0,7.8,13.0,40.0,,5.6,5.6,1.1,10.0,0.9,1.1,10.0,,,,10.0,10.0,11.0,,11.0,133.0,439.0,231.0,,335,0.25813532544012474,0.9279588058881068
AB101QS,AB10 1QS,AB,0.08575197889182057,11.8,0.6,22.8,5.6,18.1,40.0,,0.9,1.0,0.4,1.3,0.8,1.1,10.0,,,,10.0,7.0,11.0,,11.0,9.0,182.0,231.0,,119,-2.007719197867642,0.9279588058881068
AB101QT,AB10 1QT,AB,0.1437994722955145,21.1,6.6,55.0,7.4,15.9,53.0,,1.0,3.5,0.6,20.0,1.0,1.0,15.0,,,,10.0,7.0,11.0,,11.0,85.0,206.0,392.0,,221,-1.376721735680669,0.9279588058881068
AB101QZ,AB10 1QZ,AB,0.20052770448548812,33.3,14.3,80.0,7.4,17.7,80.0,,1.2,5.8,1.0,20.0,1.0,1.1,20.0,,,,10.0,7.0,11.0,,11.0,85.0,57.0,306.0,,119,-0.7600651249070363,0.9279588058881068
AB101RB,AB10 1RB,AB,0.11477572559366755,16.0,8.1,54.6,8.1,14.6,54.6,,1.2,1.6,0.4,10.0,0.7,1.2,10.0,,,,10.0,11.0,11.0,,11.0,36.0,195.0,295.0,,177,-1.6922204667741554,0.9279588058881068
AB101RD,AB10 1RD,AB,0.133245382585752,13.4,8.1,19.7,8.4,15.9,54.6,,1.1,1.1,0.4,1.3,0.9,1.2,10.0,,,,5.0,10.0,11.0,,11.0,66.0,154.0,295.0,,122,-1.491448546987391,0.9279588058881068
AB101RH,AB10 1RH,AB,0.13192612137203166,17.3,9.1,37.1,9.1,14.3,37.1,,1.2,2.3,1.1,7.8,1.2,1.2,7.8,,,,5.0,4.0,11.0,,11.0,90.0,366.0,107.0,,277,-1.5057893984007316,0.9279588058881068
AB101RJ,AB10 1RJ,AB,0.1675461741424802,32.2,5.4,80.0,7.7,15.4,64.0,,1.3,6.9,0.4,20.0,0.8,1.1,16.7,,,,5.0,7.0,6.0,,6.0,75.0,97.0,87.0,,89,-1.1185864102405438,0.9279588058881068
AB101RL,AB10 1RL,AB,0.36675461741424803,34.4,14.8,72.0,7.7,18.2,50.7,,5.6,7.3,1.1,20.0,0.8,1.2,13.3,,,,5.0,7.0,6.0,,6.0,75.0,139.0,159.0,,151,1.0468821531738415,0.9279588058881068
AB101RN,AB10 1RN,AB,0.13984168865435356,21.3,9.2,46.5,9.2,14.8,46.5,,1.2,2.1,1.1,5.1,1.1,1.2,5.1,,,,5.0,7.0,6.0,,6.0,92.0,346.0,5.0,,197,-1.4197442899206898,0.9279588058881068
AB101RP,AB10 1RP,AB,0.47229551451187335,38.5,12.7,79.8,9.2,14.3,58.3,,10.0,8.9,0.6,20.0,1.1,1.1,15.3,,,,5.0,9.0,11.0,,11.0,92.0,118.0,260.0,,196,2.1941502662410652,0.9279588058881068
AB101RQ,AB10 1RQ,AB,0.1279683377308707,25.8,9.0,55.0,9.0,12.5,47.5,,1.0,4.6,0.9,10.0,0.9,1.0,10.0,,,,5.0,9.0,11.0,,11.0,6.0,390.0,557.0,,380,-1.5488119526407524,0.9279588058881068
AB101RR,AB10 1RR,AB,0.1266490765171504,23.6,7.9,40.0,7.9,12.5,40.0,,1.1,4.9,1.0,10.0,1.0,1.1,10.0,,,,5.0,9.0,11.0,,11.0,525.0,25.0,492.0,,296,-1.5631528040540927,0.9279588058881068
AB101RT,AB10 1RT,AB,0.09762532981530342,19.8,10.2,40.0,7.9,11.7,40.0,,1.1,3.6,1.0,10.0,1.0,1.1,10.0,,,,5.0,5.0,11.0,,11.0,525.0,163.0,794.0,,344,-1.8786515351475794,0.9279588058881068
AB101RX,AB10 1RX,AB,0.1503957783641161,31.7,7.0,78.0,8.3,14.3,56.9,,1.2,7.2,0.8,20.0,1.0,1.1,15.3,,,,5.0,6.0,6.0,,6.0,41.0,189.0,109.0,,136,-1.3050174786139674,0.9279588058881068
AB101RY,AB10 1RY,AB,0.1345646437994723,19.9,8.0,80.0,8.5,13.9,48.0,,1.2,3.4,0.6,20.0,1.1,1.4,12.0,,,,5.0,18.0,5.0,,5.0,90.0,245.0,210.0,,220,-1.477107695574051,0.9279588058881068
AB101SB,AB10 1SB,AB,0.47229551451187335,43.0,7.5,80.0,8.2,13.4,60.8,,10.0,9.9,0.8,20.0,1.0,1.1,15.0,,,,4.0,8.0,21.0,,21.0,83.0,316.0,287.0,,269,2.1941502662410652,0.9279588058881068
AB101SE,AB10 1SE,AB,0.13852242744063323,28.6,7.5,75.8,8.6,12.4,47.6,,1.3,6.8,0.4,20.0,0.8,1.0,13.1,,,,8.0,10.0,17.0,,17.0,332.0,212.0,244.0,,256,-1.4340851413340303,0.9279588058881068
AB101SL,AB10 1SL,AB,0.32717678100263853,30.4,6.5,75.6,7.3,17.6,48.4,,5.6,6.7,0.3,20.0,0.6,1.0,12.5,,,,8.0,10.0,4.0,,4.0,1.0,14.0,543.0,,275,0.6166566107736324,0.9279588058881068
AB101SN,AB10 1SN,AB,0.22031662269129287,35.7,7.3,80.0,8.5,14.9,62.7,,1.3,8.0,0.8,20.0,1.0,1.1,16.2,,,,6.0,13.0,16.0,,16.0,209.0,308.0,269.0,,272,-0.5449523537069317,0.9279588058881068
AB101SP,AB10 1SP,AB,0.08443271767810026,20.8,2.2,73.9,5.9,14.4,57.0,,1.1,4.5,0.9,20.0,1.0,1.2,15.0,,,,6.0,13.0,16.0,,16.0,91.0,348.0,78.0,,152,-2.022060049280982,0.9279588058881068
AB101SQ,AB10 1SQ,AB,0.07387862796833775,25.5,6.4,80.0,7.1,11.5,60.0,,1.1,5.6,0.6,20.0,0.9,1.0,15.0,,,,6.0,13.0,16.0,,16.0,7.0,308.0,1117.0,,289,-2.1367868605877045,0.9279588058881068
AB101SS,AB10 1SS,AB,0.13984168865435356,33.4,6.2,80.0,8.2,11.7,60.2,,1.2,7.2,0.8,20.0,1.1,1.0,14.6,,,,4.0,9.0,11.0,,11.0,325.0,217.0,348.0,,302,-1.4197442899206898,0.9279588058881068
AB101ST,AB10 1ST,AB,0.47229551451187335,33.7,8.2,69.1,9.0,14.5,49.9,,10.0,8.5,0.7,20.0,0.9,1.9,14.0,,,,4.0,8.0,14.0,,14.0,140.0,181.0,443.0,,323,2.1941502662410652,0.9279588058881068
AB101SU,AB10 1SU,AB,0.9696569920844327,68.8,40.0,80.0,9.0,14.5,68.8,,20.0,17.5,10.0,20.0,0.9,1.9,17.5,,,,4.0,8.0,4.0,,4.0,140.0,181.0,735.0,,735,7.600651249070357,0.9279588058881068
AB101SY,AB10 1SY,AB,0.47097625329815307,35.8,8.3,64.2,8.3,12.5,48.0,,9.6,8.9,1.1,19.8,1.1,1.1,12.8,,,,4.0,8.0,8.0,,8.0,396.0,199.0,346.0,,314,2.179809414827725,0.9279588058881068
AB101TA,AB10 1TA,AB,0.4670184696569921,34.3,3.5,80.0,6.9,12.9,51.2,,10.0,8.2,0.8,20.0,1.0,1.7,13.2,,,,4.0,8.0,15.0,,15.0,117.0,148.0,309.0,,237,2.136786860587704,0.9279588058881068
AB101TB,AB10 1TB,AB,0.47229551451187335,37.1,5.8,76.6,7.5,14.7,54.7,,10.0,9.3,0.6,20.0,0.9,2.1,14.6,,,,4.0,8.0,17.0,,17.0,50.0,264.0,456.0,,350,2.1941502662410652,0.9279588058881068
AB101TD,AB10 1TD,AB,0.08047493403693931,19.7,5.9,79.7,6.9,14.3,79.7,,1.1,3.9,0.2,20.0,0.7,2.2,20.0,,,,4.0,4.0,17.0,,17.0,127.0,222.0,0.0,,159,-2.0650826035210033,0.9279588058881068
AB101TE,AB10 1TE,AB,0.1411609498680739,30.6,6.5,76.0,7.7,12.5,57.8,,1.3,7.3,0.9,20.0,1.1,1.1,16.0,,,,4.0,5.0,5.0,,5.0,102.0,43.0,265.0,,155,-1.4054034385073493,0.9279588058881068
AB101TF,AB10 1TF,AB,0.1424802110817942,27.8,9.5,80.0,9.5,14.7,58.4,,1.1,5.2,1.0,20.0,1.1,1.1,14.4,,,,4.0,8.0,4.0,,4.0,201.0,648.0,489.0,,565,-1.3910625870940092,0.9279588058881068
AB101TH,AB10 1TH,AB,0.4670184696569921,42.5,9.7,80.0,9.8,15.1,66.6,,10.0,9.6,0.8,20.0,1.0,1.1,16.7,,,,4.0,7.0,12.0,,12.0,201.0,114.0,213.0,,180,2.136786860587704,0.9279588058881068
AB101TJ,AB10 1TJ,AB,0.0474934036939314,26.3,2.5,80.0,6.0,14.0,76.1,,1.0,5.8,0.8,20.0,1.0,1.1,18.9,,,,5.0,7.0,4.0,,4.0,117.0,28.0,180.0,,116,-2.4236038888545104,0.9279588058881068
AB101TL,AB10 1TL,AB,0.08047493403693931,20.9,1.8,76.9,3.4,10.4,52.3,,1.0,4.6,0.4,20.0,0.7,0.9,13.3,,,,5.0,4.0,4.0,,4.0,0.0,253.0,118.0,,139,-2.0650826035210033,0.9279588058881068
AB101TN,AB10 1TN,AB,0.05145118733509234,10.6,4.5,24.2,7.2,24.2,52.3,,1.0,1.0,0.4,1.4,0.9,1.2,13.3,,,,5.0,4.0,4.0,,4.0,46.0,6.0,118.0,,38,-2.3805813346144897,0.9279588058881068
AB101TP,AB10 1TP,AB,0.07387862796833775,11.7,4.1,44.9,8.2,10.9,44.9,,0.9,1.6,0.7,10.0,0.9,1.0,10.0,,,,8.0,4.0,4.0,,4.0,157.0,74.0,398.0,,156,-2.1367868605877045,0.9279588058881068
AB101TR,AB10 1TR,AB,1.0,70.1,40.0,80.0,8.2,10.9,70.1,,20.0,17.8,10.0,20.0,0.9,1.0,17.8,,,,8.0,4.0,5.0,,5.0,157.0,74.0,75.0,,75,7.930490831577185,0.9279588058881068
AB101TS,AB10 1TS,AB,0.1279683377308707,32.5,5.9,80.0,7.6,11.5,59.7,,1.2,7.3,0.4,20.0,0.9,1.0,14.9,,,,5.0,7.0,10.0,,10.0,123.0,107.0,269.0,,188,-1.5488119526407524,0.9279588058881068
AB101TT,AB10 1TT,AB,0.10422163588390501,29.2,4.8,80.0,7.0,12.0,80.0,,1.2,7.1,0.6,20.0,3.7,1.5,20.0,,,,5.0,5.0,10.0,,10.0,4.0,242.0,131.0,,147,-1.806947278080878,0.9279588058881068
AB101TX,AB10 1TX,AB,0.4670184696569921,40.9,8.4,80.0,8.8,12.0,66.6,,10.0,9.7,0.9,20.0,1.0,1.1,17.1,,,,5.0,4.0,7.0,,7.0,312.0,354.0,243.0,,288,2.136786860587704,0.9279588058881068
AB101TY,AB10 1TY,AB,0.0936675461741425,12.9,6.2,41.5,8.4,12.5,41.5,,1.1,1.5,0.5,10.0,0.9,1.1,10.0,,,,5.0,14.0,7.0,,7.0,88.0,254.0,377.0,,225,-1.9216740893876,0.9279588058881068
AB101TZ,AB10 1TZ,AB,0.10026385224274406,15.4,5.0,78.4,7.9,12.4,59.2,,1.1,2.3,0.8,20.0,1.0,1.0,15.0,,,,6.0,14.0,7.0,,7.0,104.0,163.0,705.0,,196,-1.8499698323208988,0.9279588058881068
AB101UA,AB10 1UA,AB,0.11477572559366755,31.7,10.8,80.0,7.9,11.8,58.3,,1.2,6.3,0.9,20.0,1.0,1.1,13.3,,,,6.0,4.0,7.0,,7.0,104.0,109.0,83.0,,98,-1.6922204667741554,0.9279588058881068
AB101UB,AB10 1UB,AB,0.21635883905013192,34.3,6.8,80.0,8.1,12.7,58.5,,1.3,7.2,0.4,20.0,1.1,1.0,13.9,,,,6.0,11.0,12.0,,12.0,136.0,340.0,336.0,,322,-0.5879749079469526,0.9279588058881068
AB101UD,AB10 1UD,AB,0.13720316622691292,35.4,8.1,80.0,8.7,13.0,61.8,,1.2,7.5,0.9,20.0,1.0,1.1,14.6,,,,6.0,7.0,9.0,,9.0,14.0,245.0,164.0,,166,-1.4484259927473706,0.9279588058881068
AB101UE,AB10 1UE,AB,0.47229551451187335,40.7,10.2,75.7,8.7,10.8,55.7,,10.0,10.3,0.8,20.0,1.0,1.0,15.0,,,,6.0,7.0,4.0,,4.0,14.0,254.0,210.0,,225,2.1941502662410652,0.9279588058881068
AB101UG,AB10 1UG,AB,0.11873350923482848,18.5,4.5,80.0,8.2,13.4,52.1,,1.1,2.4,0.4,20.0,1.0,1.0,10.3,,,,4.0,36.0,7.0,,7.0,98.0,254.0,429.0,,268,-1.6491979125341347,0.9279588058881068
AB101UH,AB10 1UH,AB,0.08575197889182057,19.4,2.2,78.5,7.1,11.4,71.3,,1.0,3.7,0.5,20.0,0.9,1.0,17.9,,,,10.0,14.0,5.0,,5.0,128.0,322.0,363.0,,253,-2.007719197867642,0.9279588058881068
AB101UJ,AB10 1UJ,AB,0.07387862796833775,14.6,3.2,40.0,7.6,12.2,38.6,,1.1,2.4,0.3,10.0,0.8,1.0,8.8,,,,7.0,4.0,5.0,,5.0,184.0,12.0,268.0,,177,-2.1367868605877045,0.9279588058881068
AB101UL,AB10 1UL,AB,0.35751978891820585,41.2,4.0,80.0,5.7,16.5,73.1,,5.6,9.6,0.4,20.0,0.9,0.8,18.3,,,,7.0,4.0,6.0,,6.0,26.0,78.0,257.0,,150,0.9464961932804596,0.9279588058881068
AB101UN,AB10 1UN,AB,0.47229551451187335,36.4,4.0,80.0,6.4,16.5,57.8,,10.0,8.7,0.4,20.0,0.9,0.8,14.3,,,,7.0,4.0,7.0,,7.0,40.0,78.0,83.0,,65,2.1941502662410652,0.9279588058881068
AB101UP,AB10 1UP,AB,0.47229551451187335,44.1,3.8,80.0,6.3,13.2,61.7,,10.0,10.3,0.2,20.0,0.7,1.1,15.0,,,,7.0,4.0,10.0,,10.0,2.0,55.0,116.0,,91,2.1941502662410652,0.9279588058881068
AB101UQ,AB10 1UQ,AB,0.46306068601583106,35.6,5.1,79.9,7.3,12.2,52.9,,3.7,8.0,0.4,20.0,0.6,0.8,12.9,,,,7.0,4.0,6.0,,6.0,18.0,6.0,140.0,,89,2.093764306347682,0.9279588058881068
AB101UR,AB10 1UR,AB,0.3970976253298153,40.4,5.5,80.0,6.8,13.7,71.7,,5.6,8.8,0.5,20.0,0.9,1.2,16.7,,,,7.0,4.0,6.0,,6.0,7.0,171.0,463.0,,263,1.376721735680668,0.9279588058881068
AB101US,AB10 1US,AB,0.3034300791556728,41.9,4.5,80.0,6.1,12.6,73.3,,5.6,9.6,0.8,20.0,0.8,1.0,18.3,,,,7.0,4.0,6.0,,6.0,426.0,350.0,161.0,,261,0.3585212853335071,0.9279588058881068
AB101UT,AB10 1UT,AB,0.3087071240105541,34.3,0.3,79.7,4.1,15.2,60.8,,5.6,8.7,0.4,20.0,0.6,1.2,16.7,,,,7.0,4.0,6.0,,6.0,6.0,3.0,160.0,,83,0.4158846909868684,0.9279588058881068
AB101UU,AB10 1UU,AB,0.07915567282321898,19.6,5.9,76.6,8.1,11.2,60.1,,1.1,3.8,0.7,20.0,1.0,1.1,14.8,,,,9.0,7.0,4.0,,4.0,62.0,117.0,781.0,,225,-2.0794234549343438,0.9279588058881068
AB101UW,AB10 1UW,AB,0.26649076517150394,24.2,8.2,40.0,8.5,11.2,40.0,,5.6,5.5,1.0,10.0,1.1,1.1,10.0,,,,9.0,7.0,4.0,,4.0,3.0,117.0,251.0,,127,-0.0430225542400215,0.9279588058881068
AB101UX,AB10 1UX,AB,0.09630606860158311,16.7,6.3,55.0,7.9,12.0,50.0,,1.1,2.4,0.5,10.0,0.9,1.1,10.0,,,,6.0,10.0,4.0,,4.0,179.0,119.0,176.0,,147,-1.8929923865609197,0.9279588058881068
AB101UY,AB10 1UY,AB,0.10686015831134565,22.7,8.9,80.0,8.9,11.9,55.8,,1.1,4.1,0.6,20.0,0.6,1.0,13.3,,,,6.0,17.0,6.0,,6.0,33.0,103.0,94.0,,94,-1.7782655752541972,0.9279588058881068
AB101UZ,AB10 1UZ,AB,0.13060686015831136,20.7,8.3,80.0,9.0,13.8,60.0,,1.1,3.4,0.8,20.0,1.0,1.0,15.0,,,,6.0,8.0,6.0,,6.0,407.0,198.0,819.0,,302,-1.5201302498140719,0.9279588058881068
AB101WB,AB10 1WB,AB,0.19393139841688653,21.4,7.6,55.0,7.6,18.5,55.0,,1.2,2.1,1.0,10.0,1.0,1.2,10.0,,,,6.0,7.0,6.0,,6.0,14.0,328.0,13.0,,258,-0.8317693819737378,0.9279588058881068
AB101XA,AB10 1XA,AB,0.47097625329815307,44.0,6.6,80.0,7.4,20.2,59.1,,10.0,11.1,1.0,20.0,1.1,4.1,15.4,,,,6.0,7.0,8.0,,8.0,21.0,189.0,272.0,,216,2.179809414827725,0.9279588058881068
AB101XB,AB10 1XB,AB,0.08179419525065965,21.5,5.8,80.0,8.1,11.4,50.5,,1.0,4.6,0.4,20.0,0.8,1.0,13.3,,,,5.0,7.0,8.0,,8.0,33.0,29.0,310.0,,115,-2.0507417521076627,0.9279588058881068
AB101XD,AB10 1XD,AB,0.10422163588390501,23.6,3.3,80.0,7.8,13.5,70.0,,1.1,4.5,0.7,20.0,1.0,1.0,17.1,,,,8.0,9.0,5.0,,5.0,154.0,291.0,466.0,,275,-1.806947278080878,0.9279588058881068
AB101XE,AB10 1XE,AB,0.47229551451187335,40.0,3.6,80.0,7.8,15.8,62.9,,10.0,10.2,0.4,20.0,0.9,0.8,17.4,,,,8.0,5.0,18.0,,18.0,36.0,150.0,148.0,,117,2.1941502662410652,0.9279588058881068
AB101XH,AB10 1XH,AB,0.47229551451187335,34.9,6.7,79.9,7.4,15.8,53.3,,10.0,8.4,1.0,20.0,1.1,0.8,13.3,,,,8.0,5.0,18.0,,18.0,8.0,150.0,104.0,,66,2.1941502662410652,0.9279588058881068
AB101XL,AB10 1XL,AB,0.5646437994722955,45.8,7.1,80.0,7.1,13.9,80.0,,10.6,10.6,1.2,20.0,1.2,1.2,20.0,,,,8.0,5.0,18.0,,18.0,130.0,239.0,148.0,,175,3.1980098651748854,0.9279588058881068
AB101XN,AB10 1XN,AB,0.988126649076517,63.9,10.2,80.0,7.1,10.2,72.8,,20.0,15.8,0.9,20.0,1.2,0.9,18.3,,,,8.0,5.0,6.0,,6.0,130.0,26.0,336.0,,292,7.801423168857121,0.9279588058881068
AB101XY,AB10 1XY,AB,0.662269129287599,49.0,1.6,80.0,3.5,14.9,63.6,,19.0,13.4,0.4,20.0,0.8,2.4,17.7,,,,8.0,4.0,25.0,,25.0,12.0,633.0,221.0,,253,4.259232869762068,0.9279588058881068
AB101XZ,AB10 1XZ,AB,0.1029023746701847,17.0,5.1,40.0,5.8,13.0,40.0,,1.1,3.2,0.4,10.0,0.9,0.9,10.0,,,,8.0,4.0,25.0,,25.0,3.0,50.0,38.0,,30,-1.821288129494218,0.9279588058881068
AB101YD,AB10 1YD,AB,0.1279683377308707,29.6,8.1,80.0,8.9,14.8,80.0,,1.2,5.9,1.1,20.0,1.1,1.2,20.0,,,,8.0,4.0,25.0,,25.0,6.0,9.0,621.0,,183,-1.5488119526407524,0.9279588058881068
AB101YL,AB10 1YL,AB,0.4234828496042216,39.4,8.1,79.9,8.1,15.3,65.9,,3.2,7.9,0.4,20.0,0.4,0.5,15.3,,,,8.0,4.0,25.0,,25.0,0.0,0.0,557.0,,278,1.6635387639474737,0.9279588058881068
AB101YN,AB10 1YN,AB,0.1108179419525066,26.5,1.1,79.9,4.6,17.0,79.9,,0.9,5.6,0.4,20.0,0.9,0.4,20.0,,,,8.0,4.0,25.0,,25.0,10.0,14.0,115.0,,96,-1.7352430210141763,0.9279588058881068
AB101YP,AB10 1YP,AB,0.47229551451187335,39.5,1.9,80.0,6.4,17.0,63.6,,10.0,10.2,0.4,20.0,0.9,0.4,17.0,,,,6.0,4.0,11.0,,11.0,48.0,14.0,297.0,,220,2.1941502662410652,0.9279588058881068
AB106AA,AB10 6AA,AB,0.1411609498680739,27.7,7.7,80.0,8.7,13.9,59.5,,1.1,5.6,0.8,20.0,1.1,1.0,15.6,,,,6.0,19.0,10.0,,10.0,46.0,198.0,202.0,,185,-1.4054034385073493,0.9279588058881068
AB106AD,AB10 6AD,AB,0.12401055408970976,29.2,8.0,79.7,8.7,12.2,50.2,,1.3,6.3,0.8,20.0,1.0,1.1,12.6,,,,6.0,15.0,15.0,,15.0,145.0,371.0,302.0,,319,-1.5918345068807733,0.9279588058881068
AB106AE,AB10 6AE,AB,0.5804749340369394,41.6,7.9,61.9,7.9,12.2,52.8,,12.8,11.3,1.2,18.6,1.2,1.1,14.7,,,,6.0,15.0,15.0,,15.0,34.0,371.0,183.0,,146,3.3701000821349703,0.9279588058881068
AB106AG,AB10 6AG,AB,0.12137203166226915,20.7,5.9,80.0,8.5,13.8,74.4,,1.1,3.2,0.6,20.0,0.9,1.1,18.3,,,,6.0,36.0,6.0,,6.0,30.0,49.0,23.0,,43,-1.620516209707454,0.9279588058881068
AB106AJ,AB10 6AJ,AB,0.0949868073878628,21.5,1.7,76.3,7.4,13.2,50.9,,1.2,4.7,0.6,20.0,1.0,1.7,13.5,,,,10.0,17.0,11.0,,11.0,160.0,274.0,490.0,,296,-1.9073332379742598,0.9279588058881068
AB106AL,AB10 6AL,AB,0.13060686015831136,23.8,1.9,61.1,6.4,14.0,40.8,,1.3,4.0,0.4,12.4,0.9,1.5,7.7,,,,5.0,12.0,13.0,,13.0,75.0,128.0,218.0,,155,-1.5201302498140719,0.9279588058881068
AB106AN,AB10 6AN,AB,0.3403693931398417,30.7,2.4,77.4,6.8,19.6,51.1,,6.0,6.8,0.8,20.0,1.0,5.2,11.2,,,,4.0,4.0,8.0,,8.0,282.0,229.0,197.0,,232,0.7600651249070356,0.9279588058881068
AB106AP,AB10 6AP,AB,0.4313984168865435,30.2,2.0,69.8,7.1,12.3,50.1,,2.3,7.1,0.5,20.0,1.0,1.0,12.7,,,,21.0,9.0,36.0,,36.0,166.0,181.0,345.0,,261,1.7495838724275157,0.9279588058881068
AB106AQ,AB10 6AQ,AB,0.10422163588390501,25.4,4.5,71.8,4.5,12.0,55.9,,1.1,5.7,0.9,20.0,0.9,1.1,15.0,,,,21.0,9.0,36.0,,36.0,43.0,104.0,63.0,,80,-1.806947278080878,0.9279588058881068
AB106AR,AB10 6AR,AB,0.26649076517150394,33.5,8.7,72.9,8.7,14.8,58.5,,1.2,7.5,1.1,20.0,1.1,1.2,15.3,,,,21.0,4.0,4.0,,4.0,516.0,121.0,136.0,,171,-0.0430225542400215,0.9279588058881068
AB106AS,AB10 6AS,AB,0.47229551451187335,37.0,8.0,74.9,8.6,14.5,51.0,,10.0,9.8,1.0,20.0,1.0,2.9,14.2,,,,21.0,5.0,12.0,,12.0,83.0,186.0,69.0,,103,2.1941502662410652,0.9279588058881068
AB106AT,AB10 6AT,AB,0.6754617414248021,45.7,7.4,74.9,7.4,11.4,61.0,,16.3,12.6,1.0,20.0,1.0,1.1,17.5,,,,21.0,5.0,7.0,,7.0,117.0,545.0,413.0,,410,4.402641383895471,0.9279588058881068
AB106AU,AB10 6AU,AB,0.12137203166226915,27.9,8.0,67.0,8.0,12.2,53.5,,1.2,6.6,0.9,20.0,0.9,1.1,15.0,,,,21.0,5.0,7.0,,7.0,39.0,307.0,49.0,,150,-1.620516209707454,0.9279588058881068
AB106AX,AB10 6AX,AB,0.6253298153034301,44.0,8.6,80.0,8.6,10.4,68.5,,10.1,10.1,1.1,20.0,1.1,1.1,16.5,,,,21.0,5.0,7.0,,7.0,21.0,181.0,718.0,,445,3.8576890301885403,0.9279588058881068
AB106AY,AB10 6AY,AB,0.47229551451187335,37.9,1.0,80.0,7.2,14.3,57.0,,10.0,9.7,0.5,20.0,1.6,4.3,14.6,,,,9.0,5.0,24.0,,24.0,250.0,453.0,334.0,,328,2.1941502662410652,0.9279588058881068
AB106BB,AB10 6BB,AB,0.3496042216358839,27.1,4.1,65.7,7.1,23.6,44.7,,7.0,6.3,0.8,20.0,1.0,3.4,11.3,,,,10.0,5.0,13.0,,13.0,174.0,333.0,277.0,,238,0.8604510848004173,0.9279588058881068
AB106BE,AB10 6BE,AB,0.11345646437994725,27.7,2.2,74.2,7.4,15.3,52.1,,1.1,6.5,0.6,20.0,1.0,2.2,14.0,,,,11.0,14.0,18.0,,18.0,59.0,68.0,271.0,,144,-1.7065613181874957,0.9279588058881068
AB106BF,AB10 6BF,AB,0.5408970976253299,43.3,9.5,80.0,9.5,11.9,52.0,,10.0,9.8,0.8,20.0,1.3,1.0,12.1,,,,11.0,14.0,11.0,,11.0,37.0,291.0,169.0,,177,2.9398745397347614,0.9279588058881068
AB106BJ,AB10 6BJ,AB,0.47229551451187335,31.3,3.0,73.7,6.6,14.6,47.4,,10.0,8.0,0.7,20.0,1.0,1.2,12.7,,,,7.0,14.0,16.0,,16.0,114.0,478.0,442.0,,353,2.1941502662410652,0.9279588058881068
AB106BL,AB10 6BL,AB,0.2453825857519789,32.8,8.1,80.0,8.1,15.8,53.3,,1.3,6.4,0.4,20.0,1.0,1.1,12.4,,,,7.0,7.0,7.0,,7.0,0.0,220.0,307.0,,248,-0.27247617685346587,0.9279588058881068
AB106BP,AB10 6BP,AB,0.18865435356200527,20.8,14.3,33.4,8.1,17.6,33.4,,1.2,2.7,1.1,8.8,1.0,1.2,8.8,,,,7.0,4.0,7.0,,7.0,0.0,129.0,780.0,,259,-0.8891327876270989,0.9279588058881068
AB106BQ,AB10 6BQ,AB,0.21240105540897097,29.9,2.0,80.0,4.8,18.2,58.1,,1.2,6.4,0.3,20.0,0.6,3.0,14.2,,,,7.0,15.0,8.0,,8.0,216.0,221.0,232.0,,221,-0.6309974621869735,0.9279588058881068
AB106BR,AB10 6BR,AB,0.20052770448548812,22.4,13.3,39.9,4.8,18.2,36.5,,1.1,2.1,1.0,6.5,0.6,1.1,5.2,,,,7.0,10.0,8.0,,8.0,216.0,119.0,119.0,,115,-0.7600651249070363,0.9279588058881068
AB106BS,AB10 6BS,AB,0.24406332453825857,30.5,2.8,80.0,4.9,20.6,53.1,,1.3,5.4,0.4,20.0,0.7,1.4,12.8,,,,7.0,15.0,10.0,,10.0,96.0,290.0,306.0,,273,-0.2868170282668064,0.9279588058881068
AB106BT,AB10 6BT,AB,0.19261213720316625,34.6,8.1,80.0,8.1,17.4,62.4,,1.2,7.3,0.4,20.0,1.1,1.0,16.0,,,,7.0,5.0,5.0,,5.0,26.0,80.0,171.0,,108,-0.8461102333870777,0.9279588058881068
AB106BU,AB10 6BU,AB,0.19525065963060684,26.9,4.6,58.5,7.1,29.8,50.2,,4.8,7.8,0.4,20.0,0.9,8.6,15.8,,,,5.0,5.0,5.0,,5.0,429.0,310.0,197.0,,312,-0.8174285305603977,0.9279588058881068
AB106BW,AB10 6BW,AB,0.07387862796833775,23.5,5.5,79.7,8.6,29.8,58.2,,1.1,4.7,0.8,20.0,1.1,8.6,13.3,,,,7.0,5.0,5.0,,5.0,223.0,310.0,453.0,,292,-2.1367868605877045,0.9279588058881068
AB106BX,AB10 6BX,AB,0.21372031662269125,32.4,8.1,80.0,8.1,18.5,59.7,,1.3,5.8,0.4,20.0,0.4,1.2,14.5,,,,7.0,10.0,6.0,,6.0,0.0,91.0,487.0,,234,-0.6166566107736337,0.9279588058881068
AB106BY,AB10 6BY,AB,0.1978891820580475,32.4,9.9,80.0,9.9,16.9,64.6,,1.3,6.3,0.4,20.0,1.1,1.1,16.6,,,,7.0,11.0,6.0,,6.0,207.0,130.0,377.0,,217,-0.7887468277337166,0.9279588058881068
AB106DA,AB10 6DA,AB,0.2189973614775726,34.8,8.1,80.0,8.1,15.5,58.2,,1.3,7.3,1.0,20.0,1.1,1.2,14.5,,,,7.0,12.0,11.0,,11.0,0.0,204.0,209.0,,191,-0.5592932051202716,0.9279588058881068
AB106DB,AB10 6DB,AB,0.37203166226912926,35.9,1.4,79.9,1.5,15.1,57.7,,10.0,8.8,0.2,20.0,0.3,1.1,15.7,,,,7.0,4.0,7.0,,7.0,32.0,80.0,259.0,,169,1.1042455588272022,0.9279588058881068
AB106DD,AB10 6DD,AB,0.14775725593667546,28.0,11.1,80.0,1.5,13.9,58.5,,1.2,6.4,0.8,20.0,0.3,1.7,16.6,,,,7.0,13.0,6.0,,6.0,32.0,175.0,372.0,,241,-1.333699181440648,0.9279588058881068
AB106DE,AB10 6DE,AB,0.16490765171503957,28.5,4.1,80.0,7.2,14.5,56.0,,1.2,5.9,0.7,20.0,0.9,1.1,14.5,,,,7.0,17.0,11.0,,11.0,47.0,218.0,349.0,,248,-1.1472681130672242,0.9279588058881068
AB106DG,AB10 6DG,AB,0.1728232189973615,23.1,11.0,56.1,7.2,16.9,48.0,,1.2,4.9,1.2,17.6,0.9,2.7,13.8,,,,7.0,8.0,11.0,,11.0,47.0,135.0,108.0,,130,-1.0612230045871822,0.9279588058881068
AB106DH,AB10 6DH,AB,0.18733509234828494,33.2,9.5,80.0,9.8,17.3,58.6,,1.2,7.2,0.2,20.0,1.0,1.0,16.2,,,,7.0,10.0,9.0,,9.0,186.0,194.0,197.0,,194,-0.9034736390404394,0.9279588058881068
AB106DJ,AB10 6DJ,AB,0.18733509234828494,30.7,10.2,79.6,9.8,17.0,58.2,,1.3,5.9,1.0,20.0,1.0,2.2,13.3,,,,7.0,6.0,9.0,,9.0,186.0,180.0,138.0,,166,-0.9034736390404394,0.9279588058881068
AB106DS,AB10 6DS,AB,0.133245382585752,19.8,4.5,80.0,7.9,14.2,52.3,,1.1,3.0,0.8,20.0,1.1,1.2,12.4,,,,4.0,42.0,9.0,,9.0,80.0,252.0,157.0,,221,-1.491448546987391,0.9279588058881068
AB106DT,AB10 6DT,AB,0.1266490765171504,23.5,8.1,71.9,8.9,13.9,57.8,,1.1,5.3,0.4,20.0,1.0,1.1,18.5,,,,7.0,18.0,8.0,,8.0,110.0,270.0,298.0,,242,-1.5631528040540927,0.9279588058881068
AB106DU,AB10 6DU,AB,0.13060686015831136,27.9,6.6,80.0,7.6,13.5,59.1,,1.2,7.0,0.9,20.0,1.1,1.1,18.2,,,,7.0,14.0,11.0,,11.0,138.0,250.0,273.0,,233,-1.5201302498140719,0.9279588058881068
AB106ED,AB10 6ED,AB,0.3377308707124011,31.9,4.1,71.2,7.9,18.9,51.2,,9.0,8.0,0.4,20.0,1.0,4.1,13.6,,,,8.0,7.0,16.0,,16.0,132.0,334.0,145.0,,183,0.7313834220803552,0.9279588058881068
AB106EE,AB10 6EE,AB,0.29683377308707126,31.7,3.2,80.0,6.6,20.6,54.4,,7.3,7.8,0.8,20.0,1.0,4.8,13.9,,,,7.0,6.0,14.0,,14.0,200.0,83.0,316.0,,231,0.2868170282668058,0.9279588058881068
AB106EG,AB10 6EG,AB,0.17150395778364116,17.7,3.1,30.4,3.1,18.2,30.4,,2.4,5.2,1.1,14.2,1.1,4.0,14.2,,,,7.0,4.0,14.0,,14.0,0.0,347.0,7.0,,232,-1.0755638560005227,0.9279588058881068
AB106EL,AB10 6EL,AB,0.7348284960422163,48.8,4.8,80.0,4.8,14.4,60.1,,18.1,12.9,0.4,20.0,0.4,1.2,16.3,,,,7.0,4.0,7.0,,7.0,38.0,68.0,253.0,,209,5.047979697495784,0.9279588058881068
AB106EN,AB10 6EN,AB,0.0870712401055409,27.7,4.0,70.5,7.0,10.6,49.2,,1.2,7.0,0.6,20.0,1.0,1.1,13.6,,,,7.0,4.0,11.0,,11.0,87.0,220.0,265.0,,189,-1.9933783464543016,0.9279588058881068
AB106EP,AB10 6EP,AB,0.6701846965699209,44.5,5.1,76.6,7.3,10.8,62.7,,10.0,11.0,0.9,20.0,1.0,1.2,16.0,,,,5.0,4.0,12.0,,12.0,163.0,164.0,258.0,,226,4.34527797824211,0.9279588058881068
AB106EQ,AB10 6EQ,AB,0.47229551451187335,33.9,6.3,69.9,8.3,10.8,50.2,,10.0,8.3,0.9,20.0,1.1,1.2,12.9,,,,7.0,4.0,11.0,,11.0,41.0,164.0,393.0,,256,2.1941502662410652,0.9279588058881068
AB106ER,AB10 6ER,AB,0.6279683377308707,47.2,6.9,70.4,6.9,10.8,55.3,,15.0,13.4,1.0,20.0,1.0,1.2,15.9,,,,7.0,4.0,5.0,,5.0,20.0,164.0,92.0,,80,3.88637073301522,0.9279588058881068
AB106ES,AB10 6ES,AB,0.18733509234828494,27.5,8.5,79.9,8.5,16.3,79.9,,1.2,4.9,1.1,20.0,1.1,1.2,20.0,,,,7.0,4.0,5.0,,5.0,52.0,129.0,124.0,,113,-0.9034736390404394,0.9279588058881068
AB106ET,AB10 6ET,AB,0.34168865435356205,31.4,7.8,69.1,8.9,14.0,50.7,,8.7,8.2,1.0,20.0,1.1,2.5,14.5,,,,7.0,5.0,8.0,,8.0,451.0,148.0,159.0,,214,0.7744059763203761,0.9279588058881068
AB106EU,AB10 6EU,AB,0.14775725593667546,22.6,6.3,73.2,7.6,14.3,49.1,,1.2,4.3,0.8,20.0,1.0,1.1,13.1,,,,4.0,15.0,7.0,,7.0,212.0,211.0,151.0,,195,-1.333699181440648,0.9279588058881068
AB106EW,AB10 6EW,AB,0.10026385224274406,18.1,0.5,40.0,5.4,13.4,40.0,,1.2,3.5,0.3,10.0,0.8,1.1,10.0,,,,4.0,7.0,5.0,,5.0,2.0,33.0,31.0,,22,-1.8499698323208988,0.9279588058881068
AB106EX,AB10 6EX,AB,0.15831134564643798,23.9,9.0,73.0,9.0,14.6,55.7,,1.1,3.9,0.6,20.0,1.0,1.1,13.0,,,,4.0,12.0,4.0,,4.0,609.0,319.0,180.0,,304,-1.218972370133926,0.9279588058881068
AB106EY,AB10 6EY,AB,0.47229551451187335,41.9,7.3,80.0,7.7,14.8,60.4,,10.0,9.9,0.4,20.0,0.8,1.1,15.6,,,,4.0,7.0,14.0,,14.0,31.0,124.0,188.0,,156,2.1941502662410652,0.9279588058881068
AB106FA,AB10 6FA,AB,0.1569920844327177,21.9,4.1,71.0,4.1,16.3,47.5,,1.2,3.9,0.8,20.0,0.8,1.8,12.5,,,,4.0,15.0,4.0,,4.0,59.0,255.0,395.0,,273,-1.2333132215472657,0.9279588058881068
AB106FB,AB10 6FB,AB,0.47229551451187335,39.5,11.1,78.3,4.1,15.7,61.8,,10.0,9.7,1.0,20.0,0.8,1.8,17.2,,,,4.0,14.0,15.0,,15.0,59.0,334.0,355.0,,344,2.1941502662410652,0.9279588058881068
AB106FL,AB10 6FL,AB,0.08839050131926121,25.2,4.1,65.2,7.5,10.8,51.3,,1.1,6.4,0.8,20.0,1.0,1.0,14.8,,,,10.0,7.0,12.0,,12.0,123.0,139.0,181.0,,150,-1.9790374950409615,0.9279588058881068
AB106FN,AB10 6FN,AB,0.10949868073878627,24.8,7.9,69.8,8.9,11.8,46.1,,1.1,5.6,1.0,20.0,1.1,1.1,12.3,,,,5.0,7.0,8.0,,8.0,49.0,213.0,330.0,,219,-1.7495838724275168,0.9279588058881068
AB106FP,AB10 6FP,AB,0.11873350923482848,22.9,10.0,74.8,10.0,12.3,57.8,,1.1,4.3,0.7,20.0,1.1,1.0,15.0,,,,5.0,12.0,4.0,,4.0,342.0,276.0,148.0,,248,-1.6491979125341347,0.9279588058881068
AB106GA,AB10 6GA,AB,0.10026385224274406,20.8,5.1,67.3,7.2,12.4,53.3,,1.1,3.6,0.8,16.9,1.1,1.1,11.7,,,,4.0,9.0,4.0,,4.0,18.0,475.0,844.0,,454,-1.8499698323208988,0.9279588058881068
AB106HA,AB10 6HA,AB,0.16490765171503957,27.2,7.7,79.9,8.4,15.0,56.1,,1.2,5.1,0.3,20.0,0.7,1.1,13.3,,,,4.0,4.0,4.0,,4.0,6.0,107.0,295.0,,147,-1.1472681130672242,0.9279588058881068
AB106HB,AB10 6HB,AB,0.1266490765171504,28.6,2.0,80.0,6.6,13.5,55.4,,1.2,6.7,0.2,20.0,1.0,1.1,14.6,,,,15.0,9.0,19.0,,19.0,108.0,247.0,285.0,,215,-1.5631528040540927,0.9279588058881068
AB106HD,AB10 6HD,AB,0.16226912928759896,25.0,5.5,64.4,8.4,15.7,51.6,,1.2,4.9,0.8,20.0,1.0,1.2,13.9,,,,15.0,9.0,5.0,,5.0,72.0,168.0,307.0,,192,-1.1759498158939046,0.9279588058881068
AB106HE,AB10 6HE,AB,0.47229551451187335,33.1,7.0,80.0,8.5,10.5,54.3,,8.6,7.9,1.0,20.0,1.1,1.2,14.0,,,,5.0,9.0,9.0,,9.0,185.0,62.0,152.0,,151,2.1941502662410652,0.9279588058881068
AB106HF,AB10 6HF,AB,0.4089709762532982,32.6,9.6,64.2,9.6,15.9,46.7,,5.2,7.3,1.0,20.0,1.1,1.1,12.0,,,,5.0,9.0,4.0,,4.0,2.0,8.0,210.0,,123,1.5057893984007313,0.9279588058881068
AB106HH,AB10 6HH,AB,0.47229551451187335,33.5,8.2,75.2,8.9,11.5,54.6,,10.0,7.9,0.8,20.0,1.0,1.1,14.0,,,,5.0,5.0,11.0,,11.0,124.0,129.0,356.0,,246,2.1941502662410652,0.9279588058881068
AB106HJ,AB10 6HJ,AB,0.13984168865435356,31.6,7.2,74.8,8.1,13.1,56.1,,1.2,7.6,0.6,20.0,0.9,1.0,15.7,,,,5.0,8.0,8.0,,8.0,435.0,215.0,357.0,,308,-1.4197442899206898,0.9279588058881068
AB106HL,AB10 6HL,AB,0.1437994722955145,24.8,9.8,68.5,9.8,13.8,56.2,,1.2,5.3,0.8,20.0,1.1,1.8,15.1,,,,5.0,13.0,5.0,,5.0,614.0,189.0,226.0,,221,-1.376721735680669,0.9279588058881068
AB106HN,AB10 6HN,AB,0.20184696569920846,31.7,4.7,62.5,6.6,15.8,51.3,,1.1,6.4,0.7,20.0,0.7,1.1,12.4,,,,5.0,8.0,9.0,,9.0,222.0,250.0,199.0,,222,-0.7457242734936957,0.9279588058881068
AB106HP,AB10 6HP,AB,0.13192612137203166,21.1,4.0,67.7,6.1,13.9,51.5,,1.2,4.1,0.8,20.0,1.0,2.2,11.9,,,,5.0,17.0,5.0,,5.0,193.0,232.0,128.0,,206,-1.5057893984007316,0.9279588058881068
AB106HQ,AB10 6HQ,AB,0.08047493403693931,22.4,7.2,67.4,8.8,11.2,54.2,,1.1,5.1,0.8,20.0,1.1,1.1,15.2,,,,12.0,8.0,8.0,,8.0,252.0,235.0,223.0,,239,-2.0650826035210033,0.9279588058881068
AB106HR,AB10 6HR,AB,0.11477572559366755,29.4,6.7,80.0,8.3,18.0,68.1,,1.2,5.4,0.8,20.0,1.1,1.1,15.0,,,,7.0,4.0,5.0,,5.0,171.0,257.0,206.0,,204,-1.6922204667741554,0.9279588058881068
AB106HS,AB10 6HS,AB,0.1675461741424802,31.9,11.5,80.0,8.3,15.3,55.5,,1.2,6.6,0.8,20.0,1.1,1.1,14.3,,,,7.0,17.0,12.0,,12.0,171.0,82.0,249.0,,153,-1.1185864102405438,0.9279588058881068
AB106HT,AB10 6HT,AB,0.17018469656992086,33.4,10.2,74.0,8.3,14.2,56.7,,1.2,7.6,0.8,20.0,1.1,1.1,15.6,,,,7.0,23.0,19.0,,19.0,171.0,188.0,221.0,,203,-1.0899047074138628,0.9279588058881068
AB106HU,AB10 6HU,AB,0.08970976253298152,29.5,6.5,79.6,8.0,11.6,56.6,,1.1,7.1,0.4,20.0,1.0,1.1,15.3,,,,8.0,7.0,11.0,,11.0,237.0,287.0,153.0,,215,-1.9646966436276212,0.9279588058881068
AB106HX,AB10 6HX,AB,0.24142480211081796,21.2,2.6,44.1,4.4,24.2,39.2,,4.7,5.0,0.6,10.8,0.9,6.1,9.2,,,6.0,8.0,7.0,7.0,,7.0,52.0,34.0,424.0,,194,-0.31549873109348675,0.9279588058881068
AB106HY,AB10 6HY,AB,0.21240105540897097,29.0,2.0,73.8,4.1,15.4,54.5,,4.2,7.0,1.1,20.0,1.1,2.6,13.6,,,6.0,8.0,7.0,4.0,,4.0,90.0,97.0,301.0,,185,-0.6309974621869735,0.9279588058881068
AB106JA,AB10 6JA,AB,0.1675461741424802,32.6,6.7,80.0,7.5,14.4,59.9,,1.3,7.4,0.4,20.0,0.8,1.2,16.0,,,6.0,4.0,11.0,11.0,,11.0,76.0,151.0,192.0,,157,-1.1185864102405438,0.9279588058881068
AB106JB,AB10 6JB,AB,0.10026385224274406,26.5,2.2,66.1,6.7,14.4,55.0,,1.2,6.1,0.2,20.0,0.7,2.1,14.6,,,6.0,4.0,6.0,6.0,,6.0,257.0,184.0,191.0,,208,-1.8499698323208988,0.9279588058881068
AB106JD,AB10 6JD,AB,0.5197889182058048,44.6,4.4,78.4,6.9,11.4,55.6,,14.7,12.8,0.8,20.0,3.2,1.0,15.8,,,6.0,6.0,6.0,27.0,,27.0,210.0,184.0,304.0,,285,2.710420917121316,0.9279588058881068
AB106JE,AB10 6JE,AB,0.4050131926121372,32.9,4.6,66.5,6.0,16.1,46.4,,7.7,7.0,0.9,20.0,4.1,1.6,10.9,,,6.0,6.0,17.0,25.0,,25.0,216.0,189.0,220.0,,208,1.4627668441607098,0.9279588058881068
AB106JH,AB10 6JH,AB,0.7110817941952507,42.0,5.8,62.0,5.8,16.1,60.1,,20.0,13.7,1.0,20.0,1.0,1.6,20.0,,,6.0,6.0,17.0,25.0,,25.0,2.0,189.0,417.0,,278,4.78984437205566,0.9279588058881068
AB106JJ,AB10 6JJ,AB,0.3522427440633245,29.8,2.6,80.0,7.5,24.7,48.3,,9.4,7.9,0.4,20.0,0.9,8.8,13.4,,,6.0,10.0,17.0,16.0,,16.0,129.0,21.0,314.0,,227,0.8891327876270977,0.9279588058881068
AB106JL,AB10 6JL,AB,0.3707124010554089,29.3,2.0,65.4,4.1,16.8,41.8,,5.9,6.0,0.4,20.0,3.3,1.9,9.7,,,6.0,10.0,20.0,24.0,,24.0,57.0,227.0,289.0,,252,1.0899047074138617,0.9279588058881068
AB106JN,AB10 6JN,AB,0.17810026385224273,23.2,2.6,57.3,3.2,15.9,38.1,,1.2,4.1,0.3,18.1,0.5,1.5,8.6,,,6.0,10.0,13.0,9.0,,9.0,88.0,271.0,163.0,,215,-1.0038595989338215,0.9279588058881068
AB106JP,AB10 6JP,AB,0.38126649076517155,32.9,3.0,76.9,3.0,13.5,43.9,,7.6,6.9,0.5,20.0,0.5,1.0,9.9,,,6.0,10.0,13.0,8.0,,8.0,5.0,71.0,117.0,,96,1.2046315187205852,0.9279588058881068
AB106JQ,AB10 6JQ,AB,0.12269129287598945,18.6,5.9,44.0,7.8,15.2,39.5,,1.1,3.2,0.4,14.5,0.9,2.0,8.8,,,6.0,6.0,12.0,5.0,,5.0,15.0,249.0,338.0,,206,-1.6061753582941136,0.9279588058881068
AB106JR,AB10 6JR,AB,0.4696569920844327,39.6,13.3,80.0,7.8,16.5,57.5,,10.0,9.4,0.4,20.0,0.9,1.9,15.3,,,6.0,6.0,14.0,18.0,,18.0,15.0,116.0,193.0,,159,2.165468563414384,0.9279588058881068
AB106JU,AB10 6JU,AB,0.16094986807387862,21.7,3.1,63.8,3.1,17.6,40.5,,1.2,3.8,0.7,18.5,0.7,2.5,9.3,,,6.0,6.0,18.0,5.0,,5.0,2.0,175.0,399.0,,215,-1.190290667307245,0.9279588058881068
AB106JW,AB10 6JW,AB,0.0712401055408971,21.2,4.6,57.2,7.4,10.6,43.1,,1.1,5.2,0.4,18.5,1.0,0.8,12.2,,,6.0,10.0,18.0,8.0,,8.0,135.0,669.0,282.0,,220,-2.165468563414385,0.9279588058881068
AB106JY,AB10 6JY,AB,0.22427440633245382,24.2,5.3,49.0,7.8,17.4,39.3,,4.2,4.5,0.8,11.2,1.0,2.7,8.2,,,6.0,10.0,15.0,10.0,,10.0,12.0,133.0,221.0,,151,-0.5019297994669109,0.9279588058881068
AB106JZ,AB10 6JZ,AB,0.31794195250659635,26.4,9.7,43.9,9.7,17.3,41.1,,5.0,4.6,1.0,8.6,1.2,2.4,7.9,,,6.0,10.0,15.0,10.0,,10.0,99.0,23.0,335.0,,168,0.5162706508802507,0.9279588058881068
AB106LE,AB10 6LE,AB,0.12532981530343007,21.1,5.7,44.0,7.7,13.7,42.0,,2.3,4.4,0.9,10.0,2.2,1.1,10.0,,,6.0,10.0,15.0,10.0,,10.0,137.0,213.0,637.0,,329,-1.5774936554674333,0.9279588058881068
AB106LG,AB10 6LG,AB,0.16886543535620052,23.5,2.0,80.0,4.8,17.1,50.9,,1.2,5.2,0.8,20.0,3.2,2.2,13.8,,,6.0,10.0,14.0,6.0,,6.0,6.0,128.0,352.0,,164,-1.1042455588272033,0.9279588058881068
AB106LH,AB10 6LH,AB,0.15831134564643798,25.0,1.6,56.0,7.2,14.5,45.1,,1.2,5.7,0.4,20.0,0.8,1.1,12.8,,,6.0,6.0,11.0,12.0,,12.0,101.0,131.0,205.0,,154,-1.218972370133926,0.9279588058881068
AB106LR,AB10 6LR,AB,0.6767810026385225,55.2,12.1,80.0,7.2,12.1,61.3,,14.4,13.7,1.0,20.0,0.8,1.0,15.5,,,6.0,6.0,11.0,7.0,,7.0,101.0,225.0,249.0,,246,4.4169822353088115,0.9279588058881068
AB106LX,AB10 6LX,AB,0.5197889182058048,37.5,4.1,55.6,6.5,12.1,46.0,,8.4,7.3,0.5,14.5,0.9,1.0,9.1,,,6.0,6.0,11.0,11.0,,11.0,21.0,225.0,381.0,,304,2.710420917121316,0.9279588058881068
AB106LZ,AB10 6LZ,AB,0.47229551451187335,44.0,8.1,80.0,8.1,16.8,66.7,,10.0,10.7,0.4,20.0,0.4,1.9,17.9,,,6.0,6.0,12.0,16.0,,16.0,9.0,96.0,253.0,,180,2.1941502662410652,0.9279588058881068
AB106NA,AB10 6NA,AB,0.42875989445910295,33.8,2.0,80.0,5.8,17.6,49.4,,9.4,8.7,0.8,20.0,3.6,2.5,13.8,,,6.0,6.0,11.0,15.0,,15.0,233.0,327.0,247.0,,278,1.7209021696008358,0.9279588058881068
AB106NB,AB10 6NB,AB,0.30474934036939316,38.1,5.2,80.0,5.2,16.7,61.0,,1.9,7.7,0.8,20.0,0.8,1.1,14.3,,,6.0,6.0,7.0,8.0,,8.0,2.0,92.0,248.0,,164,0.37286213674684754,0.9279588058881068
AB106ND,AB10 6ND,AB,0.4617414248021109,37.4,13.9,64.6,5.2,17.6,45.3,,9.6,8.8,0.9,20.0,0.8,3.2,11.0,,,6.0,6.0,4.0,10.0,,10.0,2.0,152.0,204.0,,189,2.0794234549343433,0.9279588058881068
AB106NJ,AB10 6NJ,AB,0.6068601583113457,47.8,11.4,80.0,5.2,15.7,79.8,,10.1,10.5,1.0,20.0,0.8,1.2,19.7,,,6.0,6.0,4.0,4.0,,4.0,2.0,58.0,304.0,,181,3.6569171104017753,0.9279588058881068
AB106NL,AB10 6NL,AB,0.4221635883905014,39.2,10.0,80.0,5.2,17.4,56.7,,9.3,8.8,0.9,20.0,0.8,1.1,14.9,,,6.0,6.0,8.0,10.0,,10.0,2.0,222.0,247.0,,236,1.6491979125341345,0.9279588058881068
AB106NN,AB10 6NN,AB,0.21767810026385226,27.9,15.6,59.9,5.2,19.5,49.0,,1.2,5.0,0.9,19.6,0.8,1.1,14.7,,,6.0,6.0,10.0,4.0,,4.0,2.0,159.0,150.0,,157,-0.5736340565336121,0.9279588058881068
AB106NP,AB10 6NP,AB,0.20184696569920846,28.7,3.5,79.9,7.1,17.4,65.3,,1.3,5.3,0.4,20.0,0.8,1.2,17.0,,,6.0,6.0,17.0,7.0,,7.0,20.0,226.0,211.0,,197,-0.7457242734936957,0.9279588058881068
AB106NQ,AB10 6NQ,AB,0.47229551451187335,31.1,9.5,59.8,9.5,13.1,46.1,,10.0,7.6,1.0,20.0,4.8,1.1,12.1,,,6.0,6.0,17.0,5.0,,5.0,47.0,218.0,589.0,,405,2.1941502662410652,0.9279588058881068
AB106NR,AB10 6NR,AB,0.47229551451187335,36.9,3.9,74.8,5.3,16.7,50.6,,10.0,9.9,0.8,20.0,3.2,1.1,14.3,,,6.0,6.0,17.0,9.0,,9.0,64.0,162.0,362.0,,276,2.1941502662410652,0.9279588058881068
AB106NU,AB10 6NU,AB,0.47229551451187335,38.4,13.3,71.0,5.3,15.0,51.7,,10.0,9.6,0.8,18.9,3.2,1.2,14.5,,,6.0,6.0,4.0,7.0,,7.0,64.0,127.0,103.0,,112,2.1941502662410652,0.9279588058881068
AB106NW,AB10 6NW,AB,0.9379947229551451,56.9,7.5,80.0,7.5,15.0,65.1,,20.0,13.3,1.2,20.0,1.2,1.2,15.3,,,6.0,6.0,4.0,6.0,,6.0,0.0,127.0,282.0,,242,7.25647081515019,0.9279588058881068
AB106NY,AB10 6NY,AB,0.391820580474934,39.6,8.2,80.0,8.2,18.7,61.3,,8.3,9.0,0.8,20.0,0.8,1.6,16.4,,,6.0,6.0,12.0,13.0,,13.0,81.0,199.0,187.0,,188,1.3193583300273066,0.9279588058881068
AB106NZ,AB10 6NZ,AB,0.4498680738786279,41.5,2.0,80.0,2.0,14.5,63.4,,11.2,11.3,0.9,20.0,10.0,2.9,16.7,,,6.0,6.0,5.0,8.0,,8.0,10.0,155.0,194.0,,167,1.9503557922142796,0.9279588058881068
AB106PA,AB10 6PA,AB,0.47229551451187335,38.7,7.9,80.0,8.3,18.9,58.7,,10.0,8.6,0.4,20.0,0.9,1.2,14.9,,,6.0,4.0,6.0,12.0,,12.0,29.0,70.0,256.0,,164,2.1941502662410652,0.9279588058881068
AB106PB,AB10 6PB,AB,0.1424802110817942,30.0,7.1,80.0,8.0,14.0,58.0,,1.2,6.6,1.0,20.0,1.1,1.1,15.4,,,6.0,4.0,6.0,5.0,,5.0,139.0,358.0,224.0,,260,-1.3910625870940092,0.9279588058881068
AB106PD,AB10 6PD,AB,0.47229551451187335,35.8,7.3,77.8,8.0,14.4,55.4,,10.0,8.2,0.4,20.0,0.7,1.1,14.0,,,6.0,4.0,6.0,5.0,,5.0,85.0,153.0,192.0,,160,2.1941502662410652,0.9279588058881068
AB106PE,AB10 6PE,AB,0.22559366754617416,30.2,6.1,80.0,7.1,19.4,63.0,,1.2,5.2,0.6,20.0,0.8,1.1,16.0,,,6.0,4.0,11.0,5.0,,5.0,51.0,137.0,184.0,,140,-0.48758894805357034,0.9279588058881068
AB106PF,AB10 6PF,AB,0.17941952506596306,31.0,11.6,80.0,7.1,16.4,64.7,,1.2,6.5,1.0,20.0,0.8,1.6,17.8,,,6.0,4.0,23.0,10.0,,10.0,51.0,45.0,63.0,,51,-0.9895187475204809,0.9279588058881068
AB106PH,AB10 6PH,AB,0.1503957783641161,28.9,13.1,64.3,7.1,13.9,47.6,,1.1,6.4,0.9,20.0,0.8,1.0,13.0,,,6.0,4.0,5.0,4.0,,4.0,51.0,168.0,376.0,,261,-1.3050174786139674,0.9279588058881068
AB106PJ,AB10 6PJ,AB,0.5699208443271768,49.1,9.2,80.0,9.5,16.5,63.5,,10.0,11.7,0.9,20.0,1.1,1.2,15.9,,,6.0,4.0,5.0,10.0,,10.0,265.0,104.0,388.0,,330,3.2553732708282475,0.9279588058881068
AB106PL,AB10 6PL,AB,0.46437994722955145,43.7,3.8,80.0,5.5,16.2,62.4,,9.9,11.0,1.0,20.0,1.1,1.1,16.9,,,6.0,4.0,4.0,10.0,,10.0,21.0,526.0,246.0,,291,2.108105157761023,0.9279588058881068
AB106PN,AB10 6PN,AB,0.09894459102902373,28.5,2.4,80.0,7.6,11.3,56.3,,1.2,6.3,0.2,20.0,0.8,1.2,14.1,,,6.0,7.0,8.0,11.0,,11.0,266.0,164.0,169.0,,197,-1.8643106837342394,0.9279588058881068
AB106PP,AB10 6PP,AB,0.11345646437994725,33.3,2.0,80.0,6.3,12.4,61.1,,1.2,8.0,0.8,20.0,1.4,1.1,15.8,,,4.0,13.0,18.0,30.0,,30.0,114.0,205.0,293.0,,221,-1.7065613181874957,0.9279588058881068
AB106PQ,AB10 6PQ,AB,0.05145118733509234,18.9,1.0,40.0,6.2,20.2,36.6,,1.1,3.6,0.4,10.0,1.5,1.3,6.8,,,4.0,9.0,18.0,10.0,,10.0,77.0,255.0,293.0,,171,-2.3805813346144897,0.9279588058881068
AB106PR,AB10 6PR,AB,0.3733509234828496,35.1,4.1,80.0,5.7,10.1,63.6,,5.6,8.9,0.4,20.0,0.7,1.2,17.1,,,4.0,9.0,18.0,5.0,,5.0,61.0,89.0,90.0,,79,1.1185864102405427,0.9279588058881068
AB106PS,AB10 6PS,AB,0.3403693931398417,31.9,6.5,80.0,8.2,15.6,52.3,,4.0,7.0,0.8,20.0,1.0,3.0,12.1,,,4.0,8.0,6.0,14.0,,14.0,89.0,99.0,404.0,,250,0.7600651249070356,0.9279588058881068
AB106PT,AB10 6PT,AB,0.3627968337730871,34.9,9.2,69.6,9.2,19.5,52.8,,8.2,8.7,1.1,20.0,1.1,4.1,14.1,,,4.0,8.0,6.0,4.0,,4.0,46.0,188.0,269.0,,211,1.0038595989338204,0.9279588058881068
AB106PU,AB10 6PU,AB,0.2216358839050132,28.0,13.8,75.4,9.2,18.5,43.6,,1.3,4.9,0.8,17.7,1.1,1.2,10.9,,,4.0,8.0,13.0,8.0,,8.0,46.0,213.0,251.0,,228,-0.5306115022935912,0.9279588058881068
AB106PW,AB10 6PW,AB,0.47229551451187335,40.9,11.0,80.0,9.2,14.5,51.0,,10.0,10.0,0.9,20.0,1.1,1.1,13.5,,,4.0,8.0,5.0,13.0,,13.0,46.0,186.0,298.0,,271,2.1941502662410652,0.9279588058881068
AB106PX,AB10 6PX,AB,0.20976253298153036,28.7,9.0,80.0,9.0,19.1,64.9,,1.2,4.4,0.8,20.0,0.8,1.1,16.3,,,4.0,8.0,28.0,8.0,,8.0,126.0,250.0,319.0,,254,-0.6596791650136539,0.9279588058881068
AB106PY,AB10 6PY,AB,0.47229551451187335,41.8,13.3,80.0,9.0,16.1,58.9,,10.0,9.0,1.1,20.0,0.8,1.2,14.2,,,4.0,8.0,8.0,12.0,,12.0,126.0,280.0,494.0,,409,2.1941502662410652,0.9279588058881068
AB106QA,AB10 6QA,AB,0.2071240105540897,26.0,9.1,79.9,9.1,17.9,46.9,,1.3,4.2,0.7,20.0,1.0,1.1,11.8,,,4.0,8.0,16.0,7.0,,7.0,11.0,326.0,115.0,,241,-0.6883608678403349,0.9279588058881068
AB106QB,AB10 6QB,AB,0.1266490765171504,20.7,4.9,67.6,6.7,14.4,47.4,,1.1,3.6,0.6,20.0,1.0,1.1,12.4,,,4.0,4.0,23.0,8.0,,8.0,48.0,162.0,257.0,,171,-1.5631528040540927,0.9279588058881068
AB106QD,AB10 6QD,AB,0.2216358839050132,30.5,2.8,80.0,5.9,17.8,52.3,,1.3,5.9,0.9,20.0,1.0,1.5,13.2,,,4.0,4.0,22.0,15.0,,15.0,52.0,247.0,311.0,,269,-0.5306115022935912,0.9279588058881068
AB106QE,AB10 6QE,AB,0.2955145118733509,31.8,3.4,78.6,7.2,13.5,53.0,,5.9,7.7,0.4,20.0,1.2,1.1,14.2,,,4.0,12.0,16.0,30.0,,30.0,205.0,234.0,226.0,,224,0.27247617685346526,0.9279588058881068
AB106QF,AB10 6QF,AB,0.18601583113456466,28.5,8.5,80.0,8.5,17.5,64.0,,1.2,6.2,0.8,20.0,1.1,1.8,19.7,,,4.0,12.0,11.0,4.0,,4.0,205.0,154.0,154.0,,144,-0.9178144904537793,0.9279588058881068
AB106QG,AB10 6QG,AB,0.47229551451187335,38.4,2.7,78.1,5.9,23.6,59.8,,10.0,10.1,0.8,20.0,1.0,5.6,16.1,,,4.0,12.0,11.0,9.0,,9.0,130.0,153.0,174.0,,158,2.1941502662410652,0.9279588058881068
AB106QH,AB10 6QH,AB,0.6701846965699209,47.3,5.3,71.7,8.1,23.6,57.7,,10.0,11.4,1.0,20.0,1.1,5.6,14.1,,,4.0,4.0,11.0,15.0,,15.0,33.0,153.0,212.0,,175,4.34527797824211,0.9279588058881068
AB106QJ,AB10 6QJ,AB,0.15435356200527706,20.8,9.3,49.0,9.3,16.2,41.8,,1.1,2.7,0.6,10.0,1.1,1.1,9.9,,,4.0,4.0,29.0,7.0,,7.0,280.0,183.0,282.0,,205,-1.2619949243739466,0.9279588058881068
AB106QL,AB10 6QL,AB,0.3614775725593668,35.0,3.8,80.0,3.8,15.5,54.1,,8.5,7.6,0.5,20.0,0.5,1.6,13.2,,,4.0,4.0,15.0,17.0,,17.0,81.0,207.0,228.0,,214,0.9895187475204806,0.9279588058881068
AB106QN,AB10 6QN,AB,0.18469656992084432,33.1,6.7,80.0,6.7,16.1,64.3,,1.3,6.8,0.8,20.0,0.8,1.5,16.3,,,4.0,4.0,26.0,15.0,,15.0,334.0,152.0,401.0,,245,-0.9321553418671198,0.9279588058881068
AB106QP,AB10 6QP,AB,0.16490765171503957,33.0,9.9,80.0,9.9,15.7,63.9,,1.2,7.1,1.0,20.0,1.1,1.2,17.5,,,4.0,4.0,13.0,8.0,,8.0,164.0,245.0,410.0,,301,-1.1472681130672242,0.9279588058881068
AB106QQ,AB10 6QQ,AB,0.2519788918205805,34.6,7.9,80.0,7.9,15.5,56.4,,4.0,8.1,0.4,20.0,0.8,1.5,15.6,,,4.0,4.0,17.0,16.0,,16.0,201.0,177.0,352.0,,263,-0.2007719197867646,0.9279588058881068
AB106QR,AB10 6QR,AB,0.11741424802110817,17.4,6.4,78.5,8.0,13.2,54.4,,1.0,2.9,0.5,19.9,0.9,1.1,15.1,,,4.0,5.0,15.0,16.0,,16.0,55.0,273.0,180.0,,213,-1.663538763947475,0.9279588058881068
AB106QS,AB10 6QS,AB,0.1662269129287599,30.2,4.1,78.7,4.1,13.3,54.3,,1.2,6.7,0.8,20.0,0.9,1.1,14.2,,,4.0,5.0,7.0,6.0,,6.0,143.0,285.0,292.0,,278,-1.1329272616538837,0.9279588058881068
AB106QT,AB10 6QT,AB,0.1424802110817942,21.9,1.0,80.0,4.3,14.3,48.0,,1.1,4.2,0.2,20.0,0.6,1.1,12.0,,,4.0,5.0,8.0,5.0,,5.0,100.0,425.0,399.0,,337,-1.3910625870940092,0.9279588058881068
AB106QU,AB10 6QU,AB,0.575197889182058,42.7,5.2,80.0,7.2,15.7,64.5,,17.1,13.0,0.7,20.0,10.3,3.6,17.7,,,4.0,5.0,8.0,7.0,,7.0,5.0,238.0,186.0,,169,3.312736676481608,0.9279588058881068
AB106QW,AB10 6QW,AB,0.4591029023746702,32.0,3.5,76.7,4.8,22.4,47.2,,9.9,8.3,0.5,19.5,0.8,13.0,11.3,,,4.0,5.0,8.0,6.0,,6.0,129.0,42.0,531.0,,362,2.0507417521076623,0.9279588058881068
AB106QX,AB10 6QX,AB,0.15567282321899736,34.3,1.5,80.0,1.5,14.6,59.9,,1.3,7.6,0.4,20.0,0.4,1.1,15.7,,,4.0,5.0,14.0,12.0,,12.0,106.0,302.0,453.0,,362,-1.2476540729606063,0.9279588058881068
AB106QY,AB10 6QY,AB,0.316622691292876,32.1,11.9,68.0,1.5,14.6,49.7,,5.6,7.8,1.0,20.0,0.4,1.2,14.4,,,4.0,5.0,4.0,4.0,,4.0,106.0,76.0,197.0,,136,0.5019297994669102,0.9279588058881068
AB106RA,AB10 6RA,AB,0.25329815303430075,33.1,1.9,80.0,6.0,14.3,56.0,,4.5,8.0,0.3,20.0,0.9,1.4,15.4,,,4.0,5.0,20.0,27.0,,27.0,66.0,267.0,224.0,,214,-0.18643106837342469,0.9279588058881068
AB106RB,AB10 6RB,AB,0.14511873350923482,28.0,5.8,80.0,7.7,13.9,55.8,,1.3,6.2,0.6,20.0,0.8,1.9,14.4,,,4.0,5.0,9.0,6.0,,6.0,198.0,255.0,285.0,,259,-1.3623808842673288,0.9279588058881068
AB106RD,AB10 6RD,AB,0.1345646437994723,26.1,6.6,73.6,8.2,13.8,49.9,,1.2,6.3,0.8,20.0,1.0,1.1,15.4,,,4.0,5.0,14.0,11.0,,11.0,124.0,190.0,184.0,,177,-1.477107695574051,0.9279588058881068
AB106RE,AB10 6RE,AB,0.11741424802110817,27.5,4.2,80.0,6.1,12.3,55.8,,1.2,5.8,0.5,20.0,0.9,1.1,14.3,,,4.0,5.0,22.0,14.0,,14.0,33.0,115.0,151.0,,119,-1.663538763947475,0.9279588058881068
AB106RF,AB10 6RF,AB,0.3562005277044855,28.1,1.0,65.2,5.9,14.0,46.5,,3.3,6.9,0.5,20.0,1.0,1.8,12.4,,,4.0,8.0,10.0,22.0,,22.0,104.0,291.0,336.0,,261,0.9321553418671192,0.9279588058881068
AB106RG,AB10 6RG,AB,0.15963060686015831,27.3,2.7,80.0,7.3,14.4,60.9,,1.2,5.8,0.3,20.0,0.7,1.1,17.4,,,4.0,8.0,24.0,11.0,,11.0,67.0,262.0,260.0,,245,-1.2046315187205854,0.9279588058881068
AB106RH,AB10 6RH,AB,0.1437994722955145,28.9,11.2,71.6,7.3,13.7,50.7,,1.3,6.9,1.0,20.0,0.7,1.2,15.1,,,4.0,8.0,10.0,7.0,,7.0,67.0,361.0,201.0,,291,-1.376721735680669,0.9279588058881068
AB106RJ,AB10 6RJ,AB,0.4986807387862797,39.9,7.7,74.0,8.5,12.4,53.2,,10.0,10.9,0.9,20.0,1.1,1.1,15.5,,,4.0,8.0,5.0,15.0,,15.0,128.0,169.0,404.0,,325,2.4809672945078716,0.9279588058881068
AB106RL,AB10 6RL,AB,0.1279683377308707,12.8,5.3,17.4,5.3,14.1,53.2,,1.1,1.1,0.9,1.3,1.0,1.1,15.5,,,4.0,8.0,6.0,15.0,,15.0,257.0,181.0,404.0,,192,-1.5488119526407524,0.9279588058881068
AB106RN,AB10 6RN,AB,0.47229551451187335,35.5,2.3,65.8,4.0,11.7,47.9,,6.0,7.6,0.4,20.0,0.8,1.1,10.5,,,4.0,8.0,6.0,7.0,,7.0,17.0,31.0,298.0,,206,2.1941502662410652,0.9279588058881068
AB106RP,AB10 6RP,AB,0.4445910290237467,36.8,7.6,75.3,7.6,15.7,53.6,,9.5,8.7,1.0,20.0,1.0,2.5,13.6,,,4.0,8.0,5.0,8.0,,8.0,367.0,132.0,402.0,,303,1.8929923865609188,0.9279588058881068
AB106RQ,AB10 6RQ,AB,0.11873350923482848,19.4,3.9,78.4,6.7,13.8,53.9,,1.1,3.2,0.4,20.0,0.9,1.1,12.5,,,4.0,5.0,11.0,4.0,,4.0,118.0,157.0,270.0,,168,-1.6491979125341347,0.9279588058881068
AB106RS,AB10 6RS,AB,0.47229551451187335,40.5,4.6,79.9,8.3,16.2,62.8,,10.0,9.8,0.7,20.0,1.0,2.0,16.2,,,4.0,5.0,4.0,13.0,,13.0,134.0,298.0,230.0,,217,2.1941502662410652,0.9279588058881068
AB106RT,AB10 6RT,AB,0.14643799472295516,28.6,5.8,80.0,8.0,13.6,52.4,,1.2,6.5,0.4,20.0,0.9,1.5,13.6,,,4.0,13.0,17.0,22.0,,22.0,79.0,158.0,259.0,,181,-1.3480400328539883,0.9279588058881068
AB106RU,AB10 6RU,AB,0.47229551451187335,40.7,9.2,80.0,9.2,14.5,53.0,,10.0,9.3,1.0,20.0,1.0,1.1,13.0,,,4.0,13.0,17.0,9.0,,9.0,385.0,82.0,252.0,,223,2.1941502662410652,0.9279588058881068
AB106RX,AB10 6RX,AB,0.18733509234828494,25.5,10.2,76.3,9.2,16.7,51.7,,1.2,4.3,0.6,20.0,1.0,1.1,13.7,,,4.0,13.0,24.0,8.0,,8.0,385.0,179.0,500.0,,265,-0.9034736390404394,0.9279588058881068
AB106RY,AB10 6RY,AB,0.4696569920844327,34.8,10.2,80.0,9.2,13.0,47.9,,10.0,7.9,0.8,20.0,1.0,1.0,12.0,,,4.0,13.0,24.0,5.0,,5.0,385.0,25.0,241.0,,160,2.165468563414384,0.9279588058881068
AB106SA,AB10 6SA,AB,0.16886543535620052,28.8,8.5,77.7,8.5,15.2,47.1,,1.3,5.5,0.9,20.0,1.1,1.1,11.3,,,4.0,13.0,16.0,13.0,,13.0,236.0,135.0,260.0,,192,-1.1042455588272033,0.9279588058881068
AB106SB,AB10 6SB,AB,0.1662269129287599,23.8,3.1,80.0,6.7,16.9,69.9,,1.1,3.6,0.4,20.0,0.7,1.1,17.4,,,4.0,13.0,17.0,4.0,,4.0,75.0,195.0,120.0,,160,-1.1329272616538837,0.9279588058881068
AB106SD,AB10 6SD,AB,0.18865435356200527,27.6,3.6,79.9,5.8,17.1,53.6,,1.2,5.2,0.4,20.0,1.6,1.2,14.5,,,4.0,13.0,23.0,11.0,,11.0,57.0,160.0,172.0,,153,-0.8891327876270989,0.9279588058881068
AB106SE,AB10 6SE,AB,0.1517150395778364,29.1,4.3,80.0,6.7,15.4,62.3,,1.2,6.2,0.8,20.0,0.9,2.1,15.2,,,4.0,13.0,4.0,11.0,,11.0,325.0,177.0,341.0,,264,-1.2906766272006271,0.9279588058881068
AB106SF,AB10 6SF,AB,0.5013192612137204,38.9,3.6,80.0,5.7,12.8,56.6,,10.0,10.8,0.8,20.0,0.9,1.1,16.7,,,4.0,13.0,4.0,10.0,,10.0,201.0,55.0,216.0,,183,2.5096489973345526,0.9279588058881068
AB106SG,AB10 6SG,AB,0.47229551451187335,37.2,2.6,67.9,4.1,12.8,50.4,,10.0,8.6,0.9,20.0,1.1,1.1,11.6,,,4.0,13.0,4.0,5.0,,5.0,6.0,55.0,445.0,,319,2.1941502662410652,0.9279588058881068
AB106SH,AB10 6SH,AB,0.6477572559366754,42.8,5.1,76.1,6.3,11.1,58.0,,14.1,11.9,1.0,20.0,1.1,1.1,16.7,,,4.0,13.0,4.0,9.0,,9.0,2.0,59.0,199.0,,147,4.101483504215325,0.9279588058881068
AB106SJ,AB10 6SJ,AB,0.19656992084432717,33.6,0.4,80.0,4.5,15.6,57.3,,1.3,7.3,0.4,20.0,0.7,1.0,14.6,,,4.0,13.0,11.0,12.0,,12.0,106.0,210.0,458.0,,307,-0.8030876791470571,0.9279588058881068
AB106SL,AB10 6SL,AB,0.14907651715039577,25.5,1.4,80.0,5.7,15.6,55.1,,1.2,5.0,0.5,20.0,0.9,1.1,14.6,,,4.0,13.0,20.0,10.0,,10.0,110.0,224.0,278.0,,223,-1.3193583300273077,0.9279588058881068
AB106SN,AB10 6SN,AB,0.17414248021108178,32.2,6.4,80.0,6.4,15.8,58.9,,1.3,6.2,0.8,20.0,0.8,1.1,14.4,,,4.0,13.0,26.0,17.0,,17.0,194.0,388.0,256.0,,334,-1.0468821531738424,0.9279588058881068
AB106SP,AB10 6SP,AB,0.1662269129287599,23.4,3.1,79.9,5.1,16.1,60.0,,1.2,4.1,0.6,20.0,0.9,1.1,15.0,,,4.0,13.0,10.0,4.0,,4.0,403.0,191.0,230.0,,237,-1.1329272616538837,0.9279588058881068
AB106SQ,AB10 6SQ,AB,0.16094986807387862,25.0,4.4,80.0,7.0,15.8,51.1,,1.2,4.4,0.8,20.0,1.0,1.1,12.8,,,4.0,13.0,16.0,7.0,,7.0,149.0,227.0,203.0,,214,-1.190290667307245,0.9279588058881068
AB106SR,AB10 6SR,AB,0.14511873350923482,24.4,8.1,76.2,8.7,14.7,57.5,,1.1,4.2,0.6,20.0,1.0,1.1,14.5,,,4.0,13.0,24.0,8.0,,8.0,25.0,155.0,313.0,,185,-1.3623808842673288,0.9279588058881068
AB106SS,AB10 6SS,AB,0.15963060686015831,29.6,1.9,80.0,6.9,15.4,57.9,,1.2,6.8,0.4,20.0,0.7,1.1,17.0,,,4.0,4.0,16.0,12.0,,12.0,55.0,178.0,338.0,,217,-1.2046315187205854,0.9279588058881068
AB106ST,AB10 6ST,AB,0.16886543535620052,30.0,13.3,80.0,6.9,16.3,67.6,,1.2,5.3,0.9,20.0,0.7,1.2,16.6,,,4.0,4.0,11.0,4.0,,4.0,55.0,179.0,339.0,,214,-1.1042455588272033,0.9279588058881068
AB106SU,AB10 6SU,AB,0.133245382585752,29.6,11.9,55.0,6.9,13.5,53.7,,1.1,4.4,1.0,10.0,0.7,1.0,9.4,,,4.0,4.0,11.0,4.0,,4.0,55.0,132.0,93.0,,116,-1.491448546987391,0.9279588058881068
AB106SX,AB10 6SX,AB,0.15831134564643798,19.0,11.1,69.7,6.9,15.4,51.9,,1.1,1.9,0.8,9.3,0.7,1.1,9.2,,,4.0,4.0,18.0,4.0,,4.0,55.0,175.0,94.0,,167,-1.218972370133926,0.9279588058881068
AB106TA,AB10 6TA,AB,0.16490765171503957,26.6,3.9,80.0,6.2,16.0,63.3,,1.2,5.0,0.3,20.0,0.6,1.4,16.3,,,4.0,4.0,15.0,6.0,,6.0,280.0,210.0,333.0,,249,-1.1472681130672242,0.9279588058881068
AB106TB,AB10 6TB,AB,0.14511873350923482,25.1,2.4,79.9,3.2,14.3,68.6,,1.1,5.1,0.5,20.0,0.6,0.9,20.0,,,4.0,4.0,12.0,4.0,,4.0,38.0,161.0,152.0,,145,-1.3623808842673288,0.9279588058881068
AB106TD,AB10 6TD,AB,0.133245382585752,17.6,6.8,61.0,8.2,14.5,56.4,,1.1,2.4,0.7,19.6,1.0,1.1,14.7,,,4.0,4.0,16.0,4.0,,4.0,72.0,271.0,475.0,,262,-1.491448546987391,0.9279588058881068
AB106TE,AB10 6TE,AB,0.14643799472295516,33.5,5.5,80.0,7.9,13.1,60.7,,1.2,7.2,0.8,20.0,1.0,1.1,15.0,,,4.0,4.0,15.0,15.0,,15.0,105.0,300.0,383.0,,314,-1.3480400328539883,0.9279588058881068
AB106TF,AB10 6TF,AB,0.7203166226912928,45.3,7.0,80.0,7.8,13.1,64.0,,18.7,12.2,1.1,20.0,1.1,1.1,17.7,,,4.0,4.0,15.0,6.0,,6.0,102.0,300.0,284.0,,224,4.8902303319490406,0.9279588058881068
AB106TJ,AB10 6TJ,AB,0.14511873350923482,27.7,5.1,67.8,8.1,13.8,46.2,,1.3,6.1,1.0,20.0,1.1,1.4,11.6,,,4.0,7.0,14.0,18.0,,18.0,228.0,241.0,387.0,,306,-1.3623808842673288,0.9279588058881068
AB106TP,AB10 6TP,AB,0.11873350923482848,23.3,9.2,79.9,9.5,12.7,50.9,,1.2,4.8,0.6,20.0,1.0,1.1,14.2,,,4.0,7.0,17.0,8.0,,8.0,123.0,148.0,323.0,,198,-1.6491979125341347,0.9279588058881068
AB106TQ,AB10 6TQ,AB,0.46437994722955145,30.5,9.5,63.7,9.5,13.2,46.6,,9.8,7.4,0.8,20.0,1.0,1.1,13.2,,,4.0,7.0,10.0,12.0,,12.0,155.0,219.0,260.0,,238,2.108105157761023,0.9279588058881068
AB106TR,AB10 6TR,AB,0.14511873350923482,22.2,8.9,71.8,9.3,14.6,47.8,,1.3,4.6,0.6,20.0,0.7,1.6,14.3,,,4.0,7.0,17.0,6.0,,6.0,166.0,316.0,268.0,,284,-1.3623808842673288,0.9279588058881068
AB106TS,AB10 6TS,AB,0.14907651715039577,27.2,10.4,67.3,9.3,13.8,52.5,,1.2,5.9,1.0,20.0,0.7,1.1,14.8,,,4.0,7.0,17.0,9.0,,9.0,166.0,173.0,405.0,,257,-1.3193583300273077,0.9279588058881068
AB106UQ,AB10 6UQ,AB,0.16886543535620052,19.8,7.0,67.6,8.7,17.6,39.5,,1.2,3.3,0.4,20.0,1.0,2.6,8.7,,,4.0,4.0,25.0,5.0,,5.0,223.0,195.0,328.0,,218,-1.1042455588272033,0.9279588058881068
AB106UR,AB10 6UR,AB,0.24010554089709762,28.1,4.0,79.9,4.6,14.6,45.1,,5.6,5.3,0.8,20.0,1.0,2.3,9.0,,,4.0,4.0,13.0,13.0,,13.0,171.0,265.0,222.0,,238,-0.32983958250682727,0.9279588058881068
AB106US,AB10 6US,AB,0.47229551451187335,44.0,10.4,80.0,4.6,14.1,62.4,,10.0,9.9,0.8,20.0,1.0,1.1,15.4,,,4.0,4.0,8.0,13.0,,13.0,171.0,225.0,305.0,,274,2.1941502662410652,0.9279588058881068
AB106UT,AB10 6UT,AB,0.5910290237467019,43.1,7.8,76.6,8.9,13.7,56.6,,10.0,10.9,0.8,20.0,0.9,1.6,15.0,,,4.0,4.0,5.0,16.0,,16.0,14.0,392.0,192.0,,212,3.4848268934416917,0.9279588058881068
AB106UX,AB10 6UX,AB,0.3839050131926121,31.9,3.8,69.1,7.3,19.3,48.9,,10.0,8.2,0.5,20.0,1.0,3.8,13.4,,,4.0,8.0,4.0,16.0,,16.0,72.0,98.0,293.0,,197,1.2333132215472649,0.9279588058881068
AB106WE,AB10 6WE,AB,0.18073878627968337,31.5,13.9,80.0,7.3,17.1,67.5,,1.3,5.6,1.0,20.0,1.0,1.8,15.0,,,4.0,8.0,10.0,4.0,,4.0,72.0,70.0,26.0,,57,-0.9751778961071407,0.9279588058881068
AB106XA,AB10 6XA,AB,0.47229551451187335,47.2,5.5,79.9,6.6,17.3,56.9,,10.0,12.3,0.9,20.0,1.1,2.6,15.2,,,4.0,8.0,5.0,28.0,,28.0,36.0,308.0,300.0,,278,2.1941502662410652,0.9279588058881068
AB106XB,AB10 6XB,AB,0.49604221635883905,47.4,2.3,80.0,5.8,15.7,63.1,,10.0,11.5,0.3,20.0,0.7,1.0,16.0,,,4.0,8.0,5.0,14.0,,14.0,15.0,221.0,302.0,,241,2.4522855916811905,0.9279588058881068
AB106XD,AB10 6XD,AB,0.6965699208443272,46.7,6.7,80.0,7.2,14.2,60.3,,17.3,13.0,0.8,20.0,1.1,1.0,17.6,,,4.0,8.0,5.0,13.0,,13.0,280.0,73.0,145.0,,148,4.632095006508916,0.9279588058881068
AB106XE,AB10 6XE,AB,0.237467018469657,30.8,9.3,80.0,9.3,18.3,66.7,,5.2,7.8,0.9,20.0,0.9,3.4,20.0,,,4.0,8.0,4.0,13.0,,13.0,236.0,56.0,211.0,,138,-0.35852128533350763,0.9279588058881068
AB106XF,AB10 6XF,AB,0.2941952506596306,28.2,12.9,55.0,9.3,15.2,41.2,,3.7,4.4,1.1,10.0,0.9,1.2,7.6,,,4.0,8.0,4.0,4.0,,4.0,236.0,31.0,121.0,,76,0.25813532544012474,0.9279588058881068
AB106XJ,AB10 6XJ,AB,0.7084432717678101,46.5,6.5,79.3,6.5,21.3,59.3,,16.4,12.6,1.2,20.0,1.2,2.3,17.3,,,4.0,8.0,4.0,9.0,,9.0,8.0,407.0,200.0,,233,4.761162669228979,0.9279588058881068
AB106XL,AB10 6XL,AB,0.13192612137203166,25.1,5.2,67.0,7.2,14.2,49.4,,1.1,6.0,0.8,20.0,1.0,1.7,14.8,,,4.0,8.0,13.0,8.0,,8.0,179.0,211.0,424.0,,286,-1.5057893984007316,0.9279588058881068
AB106XN,AB10 6XN,AB,0.4340369393139842,31.3,6.0,78.1,7.1,12.2,48.7,,5.8,7.7,0.8,20.0,1.1,1.1,13.0,,,4.0,6.0,6.0,15.0,,15.0,60.0,182.0,174.0,,151,1.7782655752541965,0.9279588058881068
AB106XP,AB10 6XP,AB,0.45778364116094983,30.3,0.7,78.3,0.7,13.5,46.8,,10.0,7.3,0.2,20.0,0.2,1.5,12.7,,,4.0,6.0,9.0,11.0,,11.0,39.0,121.0,187.0,,152,2.0364009006943213,0.9279588058881068
AB106XQ,AB10 6XQ,AB,0.133245382585752,27.4,6.6,76.3,8.3,13.2,55.9,,1.2,6.4,0.6,20.0,1.0,1.2,16.2,,,4.0,6.0,12.0,8.0,,8.0,95.0,196.0,160.0,,170,-1.491448546987391,0.9279588058881068
AB106XR,AB10 6XR,AB,0.30474934036939316,33.2,2.3,79.7,6.2,13.6,56.1,,5.1,8.9,0.7,20.0,1.0,1.1,16.7,,,4.0,4.0,6.0,11.0,,11.0,211.0,178.0,281.0,,237,0.37286213674684754,0.9279588058881068
AB106XS,AB10 6XS,AB,0.18601583113456466,28.2,7.8,66.7,8.8,14.6,46.2,,1.3,5.7,1.0,19.7,1.1,1.3,11.3,,,4.0,4.0,13.0,12.0,,12.0,205.0,150.0,294.0,,218,-0.9178144904537793,0.9279588058881068
AB106XT,AB10 6XT,AB,0.13192612137203166,21.6,6.3,80.0,7.7,14.0,63.0,,1.1,3.8,0.7,20.0,1.1,1.1,17.1,,,4.0,4.0,18.0,4.0,,4.0,165.0,145.0,263.0,,167,-1.5057893984007316,0.9279588058881068
AB106XX,AB10 6XX,AB,0.14511873350923482,33.8,7.3,80.0,8.2,13.3,60.0,,1.2,7.6,1.0,20.0,1.0,1.1,15.5,,,4.0,4.0,9.0,9.0,,9.0,196.0,196.0,330.0,,257,-1.3623808842673288,0.9279588058881068
AB106YA,AB10 6YA,AB,0.12928759894459102,22.0,6.5,74.5,7.1,14.5,61.6,,1.1,4.4,0.8,20.0,1.0,1.6,17.3,,,4.0,4.0,15.0,4.0,,4.0,120.0,166.0,180.0,,162,-1.5344711012274124,0.9279588058881068
AB107AA,AB10 7AA,AB,0.054089709762532995,15.9,3.6,77.2,6.6,10.2,56.1,,1.0,3.9,0.9,20.0,1.0,1.0,16.8,,,4.0,6.0,15.0,4.0,,4.0,39.0,40.0,6.0,,33,-2.351899631787809,0.9279588058881068
AB107AB,AB10 7AB,AB,0.47229551451187335,45.4,4.1,74.0,4.1,10.2,55.7,,10.0,12.2,0.8,20.0,0.8,1.0,15.0,,,4.0,6.0,15.0,4.0,,4.0,41.0,40.0,319.0,,263,2.1941502662410652,0.9279588058881068
AB107AD,AB10 7AD,AB,0.21108179419525064,25.9,3.9,64.2,5.4,10.2,46.3,,5.4,6.4,0.6,20.0,0.8,1.0,12.0,,,4.0,6.0,15.0,5.0,,5.0,160.0,40.0,505.0,,332,-0.645338313600314,0.9279588058881068
AB107AE,AB10 7AE,AB,0.47229551451187335,40.7,0.4,75.4,1.7,10.2,56.3,,10.0,10.7,0.7,20.0,0.9,1.0,14.6,,,4.0,6.0,15.0,5.0,,5.0,19.0,40.0,820.0,,591,2.1941502662410652,0.9279588058881068
AB107AF,AB10 7AF,AB,0.47229551451187335,42.0,8.2,80.0,8.2,10.2,53.3,,10.0,10.3,1.0,20.0,1.0,1.0,13.3,,,4.0,6.0,15.0,5.0,,5.0,93.0,40.0,285.0,,237,2.1941502662410652,0.9279588058881068
AB107AG,AB10 7AG,AB,0.47229551451187335,38.3,1.7,63.8,5.5,10.2,49.3,,10.0,11.0,0.8,20.0,1.0,1.0,14.4,,,4.0,6.0,15.0,12.0,,12.0,302.0,40.0,439.0,,404,2.1941502662410652,0.9279588058881068
AB107AH,AB10 7AH,AB,0.17150395778364116,21.6,2.7,64.2,4.2,28.5,43.2,,2.7,5.3,0.6,20.0,0.8,5.5,11.5,,,6.0,6.0,15.0,5.0,,5.0,117.0,32.0,180.0,,129,-1.0755638560005227,0.9279588058881068
AB107AJ,AB10 7AJ,AB,0.02242744063324538,20.7,2.3,80.0,4.8,28.5,49.2,,0.9,5.0,0.3,20.0,0.8,5.5,12.5,,,13.0,12.0,15.0,14.0,,14.0,193.0,32.0,946.0,,463,-2.6960800657079766,0.9279588058881068
AB107AL,AB10 7AL,AB,0.02110817941952506,15.9,0.8,77.1,4.7,17.9,42.7,,1.0,3.6,0.3,20.0,0.8,3.8,10.2,,,4.0,11.0,15.0,7.0,,7.0,136.0,120.0,91.0,,121,-2.7104209171213167,0.9279588058881068
AB107AN,AB10 7AN,AB,0.40633245382585753,28.9,0.1,49.3,5.7,25.1,39.8,,7.5,6.7,0.1,20.0,0.7,5.8,9.6,,,4.0,7.0,5.0,21.0,,21.0,236.0,359.0,323.0,,302,1.4771076955740503,0.9279588058881068
AB107AP,AB10 7AP,AB,0.3007915567282322,22.0,0.3,54.7,5.3,27.2,41.0,,1.3,5.0,0.4,16.4,0.8,3.8,10.6,,,4.0,7.0,5.0,8.0,,8.0,85.0,62.0,679.0,,308,0.32983958250682666,0.9279588058881068
AB107AR,AB10 7AR,AB,0.47229551451187335,29.1,2.7,74.8,4.4,27.2,50.6,,9.4,7.1,0.3,20.0,0.8,3.8,12.7,,,8.0,5.0,5.0,15.0,,15.0,61.0,62.0,713.0,,410,2.1941502662410652,0.9279588058881068
AB107AS,AB10 7AS,AB,0.03298153034300792,10.0,5.2,18.2,5.9,18.2,50.6,,0.9,1.1,0.5,2.0,0.7,2.0,12.7,,,8.0,5.0,5.0,15.0,,15.0,23.0,7.0,713.0,,18,-2.581353254401254,0.9279588058881068
AB107AY,AB10 7AY,AB,0.07255936675461741,22.8,4.8,80.0,7.0,11.0,52.7,,1.1,4.5,0.8,20.0,0.9,1.0,11.6,,,8.0,7.0,5.0,5.0,,5.0,99.0,29.0,148.0,,106,-2.151127712001045,0.9279588058881068
AB107AZ,AB10 7AZ,AB,0.3258575197889182,23.6,3.1,48.7,4.4,28.9,40.1,,6.9,4.9,0.8,8.5,0.9,6.9,8.0,,,8.0,7.0,5.0,5.0,,5.0,214.0,195.0,244.0,,222,0.6023157593602919,0.9279588058881068
AB107BB,AB10 7BB,AB,0.4182058047493404,31.3,1.2,65.4,4.2,28.6,41.0,,8.2,7.8,0.8,20.0,0.8,5.7,10.4,,,8.0,7.0,5.0,17.0,,17.0,142.0,412.0,687.0,,539,1.606175358294113,0.9279588058881068
AB107BD,AB10 7BD,AB,0.2862796833773087,22.6,2.5,49.4,3.6,23.0,36.1,,4.7,4.3,0.4,10.0,0.7,4.3,6.9,,,7.0,7.0,9.0,11.0,,11.0,258.0,390.0,644.0,,452,0.17209021696008298,0.9279588058881068
AB107BG,AB10 7BG,AB,0.2717678100263852,25.8,7.5,40.0,7.5,23.2,40.0,,5.3,5.4,1.0,10.0,1.0,4.2,10.0,,,7.0,7.0,4.0,11.0,,11.0,354.0,506.0,190.0,,349,0.014340851413339895,0.9279588058881068
AB107BH,AB10 7BH,AB,0.47229551451187335,30.1,1.2,66.2,5.0,11.6,47.8,,10.0,8.3,0.8,20.0,1.0,10.0,13.1,,,5.0,6.0,4.0,18.0,,18.0,220.0,38.0,476.0,,363,2.1941502662410652,0.9279588058881068
AB107BJ,AB10 7BJ,AB,0.27440633245382584,22.9,3.4,37.8,4.4,22.4,33.0,,5.3,4.5,0.6,8.4,0.8,5.0,5.7,,,5.0,6.0,13.0,8.0,,8.0,119.0,252.0,330.0,,255,0.04302255424002029,0.9279588058881068
AB107BL,AB10 7BL,AB,0.08575197889182057,34.3,3.1,80.0,7.1,10.7,65.3,,1.1,8.2,0.8,20.0,1.0,1.1,16.7,,,5.0,4.0,13.0,6.0,,6.0,65.0,124.0,253.0,,157,-2.007719197867642,0.9279588058881068
AB107BN,AB10 7BN,AB,0.05804749340369393,27.2,6.8,80.0,7.7,10.7,53.3,,1.1,6.2,0.5,20.0,0.9,1.1,13.3,,,5.0,4.0,13.0,6.0,,6.0,187.0,124.0,214.0,,199,-2.3088770775477885,0.9279588058881068
AB107BP,AB10 7BP,AB,0.47229551451187335,31.7,4.1,80.0,7.9,12.8,52.7,,9.8,7.6,0.4,20.0,0.9,1.1,13.9,,,5.0,11.0,6.0,19.0,,19.0,193.0,309.0,369.0,,300,2.1941502662410652,0.9279588058881068
AB107BQ,AB10 7BQ,AB,0.06596306068601582,18.2,5.7,40.0,7.6,24.1,38.2,,1.1,3.7,0.6,10.0,1.0,4.7,8.9,,,5.0,10.0,6.0,5.0,,5.0,335.0,793.0,254.0,,339,-2.2228319690677467,0.9279588058881068
AB107BS,AB10 7BS,AB,0.47229551451187335,38.5,6.1,71.1,6.9,24.1,52.6,,10.0,10.0,0.5,20.0,0.9,4.7,14.0,,,5.0,4.0,6.0,9.0,,9.0,108.0,793.0,539.0,,406,2.1941502662410652,0.9279588058881068
AB107BT,AB10 7BT,AB,0.47229551451187335,31.5,5.2,60.0,5.4,24.1,42.0,,10.0,8.8,0.8,20.0,0.8,4.7,12.0,,,5.0,4.0,6.0,5.0,,5.0,112.0,793.0,618.0,,534,2.1941502662410652,0.9279588058881068
AB107BU,AB10 7BU,AB,0.47229551451187335,36.4,8.1,77.5,8.6,24.1,47.5,,10.0,8.9,1.1,20.0,1.2,4.7,12.0,,,5.0,4.0,6.0,5.0,,5.0,689.0,793.0,465.0,,529,2.1941502662410652,0.9279588058881068
AB107BW,AB10 7BW,AB,0.43931398416886547,31.6,8.4,66.3,8.9,17.8,46.8,,5.0,7.0,0.6,20.0,1.1,4.7,10.2,,,5.0,4.0,5.0,9.0,,9.0,199.0,494.0,409.0,,397,1.8356289809075579,0.9279588058881068
AB107BX,AB10 7BX,AB,0.4591029023746702,26.6,0.4,53.4,5.8,18.0,42.0,,10.0,7.3,0.4,19.5,0.9,2.0,12.2,,,5.0,6.0,5.0,10.0,,10.0,370.0,67.0,652.0,,510,2.0507417521076623,0.9279588058881068
AB107BY,AB10 7BY,AB,0.24010554089709762,32.5,4.0,79.4,4.4,18.0,60.6,,5.4,8.7,0.6,20.0,0.7,2.0,16.7,,,5.0,6.0,5.0,10.0,,10.0,27.0,67.0,274.0,,151,-0.32983958250682727,0.9279588058881068
AB107BZ,AB10 7BZ,AB,0.05013192612137203,21.2,0.9,60.0,5.4,18.0,42.7,,1.2,5.6,0.6,18.4,1.2,2.0,11.6,,,5.0,10.0,5.0,12.0,,12.0,139.0,304.0,193.0,,167,-2.3949221860278302,0.9279588058881068
AB107DA,AB10 7DA,AB,0.34564643799472294,26.6,2.5,56.8,7.6,16.2,43.6,,6.2,6.9,0.4,20.0,1.0,4.9,12.0,,,5.0,9.0,5.0,13.0,,13.0,268.0,41.0,252.0,,232,0.8174285305603964,0.9279588058881068
AB107DD,AB10 7DD,AB,0.3733509234828496,30.4,6.0,69.1,6.8,23.9,40.5,,4.5,6.3,1.0,20.0,1.1,4.3,8.8,,,5.0,9.0,5.0,6.0,,6.0,170.0,123.0,633.0,,438,1.1185864102405427,0.9279588058881068
AB107DE,AB10 7DE,AB,0.47229551451187335,31.4,6.1,79.3,7.9,28.1,44.7,,10.0,7.3,0.5,20.0,1.0,4.4,11.0,,,5.0,10.0,5.0,18.0,,18.0,267.0,938.0,652.0,,529,2.1941502662410652,0.9279588058881068
AB107DF,AB10 7DF,AB,0.46569920844327173,41.6,33.5,55.0,7.9,28.1,41.6,,10.0,9.2,4.1,11.7,1.0,4.4,9.2,,,5.0,10.0,5.0,5.0,,5.0,267.0,938.0,467.0,,467,2.122446009174363,0.9279588058881068
AB107DG,AB10 7DG,AB,0.06992084432717677,19.0,5.2,51.9,7.8,28.1,39.4,,1.1,3.5,0.6,14.0,0.9,4.4,8.2,,,5.0,11.0,5.0,6.0,,6.0,206.0,938.0,241.0,,218,-2.1798094148277256,0.9279588058881068
AB107DJ,AB10 7DJ,AB,0.16094986807387862,24.7,12.3,56.7,7.8,14.4,43.3,,1.3,4.8,1.0,16.4,0.9,1.2,11.3,,,5.0,11.0,9.0,5.0,,5.0,206.0,211.0,296.0,,237,-1.190290667307245,0.9279588058881068
AB107DL,AB10 7DL,AB,0.05672823218997361,15.0,0.7,37.6,6.1,26.7,34.1,,1.0,3.1,0.5,10.0,0.9,1.8,8.5,,,4.0,7.0,9.0,5.0,,5.0,125.0,15.0,1550.0,,514,-2.3232179289611286,0.9279588058881068
AB107DN,AB10 7DN,AB,0.47229551451187335,37.9,7.5,76.2,8.2,22.4,60.3,,10.0,10.3,1.0,20.0,1.1,8.9,16.7,,,4.0,4.0,9.0,6.0,,6.0,148.0,241.0,179.0,,173,2.1941502662410652,0.9279588058881068
AB107DP,AB10 7DP,AB,0.4182058047493404,32.1,4.5,74.0,6.8,20.4,50.9,,10.0,8.5,1.0,20.0,1.1,10.0,13.5,,,4.0,6.0,9.0,10.0,,10.0,223.0,178.0,461.0,,347,1.606175358294113,0.9279588058881068
AB107DQ,AB10 7DQ,AB,0.3073878627968338,27.6,3.1,59.9,6.5,20.4,48.1,,10.0,7.6,0.6,20.0,0.9,6.1,14.0,,,4.0,8.0,9.0,10.0,,10.0,119.0,776.0,468.0,,348,0.40154383957352796,0.9279588058881068
AB107DR,AB10 7DR,AB,0.31926121372031663,36.5,6.8,80.0,7.5,24.1,60.7,,4.4,8.9,1.0,20.0,1.0,3.5,18.0,,,4.0,8.0,7.0,6.0,,6.0,89.0,466.0,70.0,,257,0.5306115022935907,0.9279588058881068
AB107DS,AB10 7DS,AB,0.47229551451187335,33.2,3.2,64.2,7.3,10.3,48.0,,10.0,8.6,0.4,20.0,0.9,1.1,13.0,,,4.0,12.0,7.0,26.0,,26.0,76.0,13.0,305.0,,220,2.1941502662410652,0.9279588058881068
AB107DT,AB10 7DT,AB,0.07915567282321898,21.2,5.2,59.4,7.5,14.2,47.3,,1.2,5.2,0.8,20.0,1.1,2.2,13.9,,,4.0,7.0,5.0,5.0,,5.0,329.0,197.0,393.0,,311,-2.0794234549343438,0.9279588058881068
AB107DU,AB10 7DU,AB,0.06992084432717677,21.2,3.8,40.0,7.1,14.2,38.7,,1.2,5.0,1.0,10.0,1.1,2.2,10.0,,,4.0,4.0,5.0,4.0,,4.0,158.0,197.0,208.0,,180,-2.1798094148277256,0.9279588058881068
AB107DX,AB10 7DX,AB,0.16226912928759896,22.3,4.6,40.0,6.5,16.5,40.0,,9.8,6.0,0.4,10.0,0.7,10.0,9.9,,,4.0,4.0,5.0,4.0,,4.0,11.0,167.0,137.0,,87,-1.1759498158939046,0.9279588058881068
AB107DY,AB10 7DY,AB,0.4591029023746702,29.5,0.6,69.0,5.3,16.5,48.9,,7.7,7.8,0.6,20.0,0.9,10.0,13.3,,,4.0,4.0,5.0,10.0,,10.0,146.0,167.0,445.0,,312,2.0507417521076623,0.9279588058881068
AB107DZ,AB10 7DZ,AB,0.029023746701846972,19.9,1.1,76.8,5.3,16.5,49.1,,0.9,5.2,0.7,20.0,0.9,10.0,13.9,,,4.0,6.0,5.0,4.0,,4.0,27.0,167.0,241.0,,98,-2.6243758086412745,0.9279588058881068
AB107EA,AB10 7EA,AB,0.11477572559366755,27.8,5.7,80.0,7.3,12.3,52.0,,1.1,6.5,0.4,20.0,0.9,1.0,13.6,,,4.0,10.0,4.0,11.0,,11.0,243.0,480.0,273.0,,294,-1.6922204667741554,0.9279588058881068
AB107EB,AB10 7EB,AB,0.36675461741424803,25.7,3.7,59.8,6.6,12.3,42.0,,8.7,7.3,0.5,20.0,0.9,1.0,12.7,,,4.0,4.0,4.0,7.0,,7.0,146.0,480.0,345.0,,253,1.0468821531738415,0.9279588058881068
AB107ED,AB10 7ED,AB,0.2678100263852243,22.0,0.7,35.2,3.4,24.1,34.9,,5.3,4.7,0.4,7.6,0.8,5.3,7.4,,,4.0,4.0,8.0,7.0,,7.0,80.0,301.0,509.0,,298,-0.028681702826680998,0.9279588058881068
AB107EE,AB10 7EE,AB,0.07915567282321898,21.3,2.9,40.0,6.4,10.2,40.0,,1.1,4.8,0.8,10.0,1.0,1.1,10.0,,,4.0,4.0,8.0,7.0,,7.0,87.0,79.0,274.0,,166,-2.0794234549343438,0.9279588058881068
AB107EF,AB10 7EF,AB,0.07651715039577836,28.4,0.6,78.7,7.7,11.2,59.0,,1.1,6.6,0.4,20.0,0.9,1.1,15.0,,,4.0,10.0,8.0,8.0,,8.0,165.0,143.0,242.0,,196,-2.1081051577610244,0.9279588058881068
AB107EG,AB10 7EG,AB,0.21108179419525064,19.9,3.1,37.6,4.9,20.2,34.6,,6.6,4.9,0.8,8.9,2.3,4.5,7.7,,,4.0,10.0,8.0,4.0,,4.0,199.0,2039.0,814.0,,813,-0.645338313600314,0.9279588058881068
AB107EH,AB10 7EH,AB,0.3733509234828496,26.0,4.1,35.5,4.2,30.0,34.0,,5.8,5.4,0.8,10.0,0.9,7.7,6.8,,,4.0,10.0,8.0,5.0,,5.0,521.0,312.0,613.0,,552,1.1185864102405427,0.9279588058881068
AB107EJ,AB10 7EJ,AB,0.47229551451187335,34.5,6.1,46.6,6.1,30.0,41.6,,10.0,8.1,0.8,10.0,0.8,7.7,10.0,,,4.0,10.0,8.0,4.0,,4.0,34.0,312.0,318.0,,261,2.1941502662410652,0.9279588058881068
AB107EL,AB10 7EL,AB,0.011873350923482837,11.9,4.1,40.0,5.0,30.0,36.2,,0.8,2.1,0.8,8.8,0.9,7.7,6.4,,,4.0,10.0,8.0,4.0,,4.0,143.0,312.0,93.0,,132,-2.8108068770146986,0.9279588058881068
AB107EN,AB10 7EN,AB,0.2704485488126649,22.6,2.6,80.0,5.8,25.7,38.5,,5.3,5.2,0.4,16.0,0.9,6.5,8.9,,,5.0,10.0,9.0,14.0,,14.0,207.0,370.0,297.0,,279,-6.034264960659256e-16,0.9279588058881068
AB107EP,AB10 7EP,AB,0.15831134564643798,17.3,4.3,32.4,4.7,27.4,32.4,,1.9,2.7,0.6,6.3,0.7,6.3,3.0,,,5.0,10.0,9.0,14.0,,14.0,109.0,84.0,1291.0,,398,-1.218972370133926,0.9279588058881068
AB107EQ,AB10 7EQ,AB,0.1728232189973615,19.8,3.7,40.0,5.4,27.7,36.9,,1.7,4.0,0.5,9.9,0.8,5.2,8.0,,,5.0,5.0,9.0,5.0,,5.0,202.0,132.0,325.0,,244,-1.0612230045871822,0.9279588058881068
AB107ER,AB10 7ER,AB,0.44195250659630614,33.1,5.4,58.1,6.6,27.7,43.7,,10.0,8.8,0.8,20.0,0.9,5.2,11.9,,,5.0,4.0,9.0,10.0,,10.0,55.0,132.0,466.0,,349,1.864310683734239,0.9279588058881068
AB107ES,AB10 7ES,AB,0.03430079155672823,12.4,1.7,30.8,5.0,25.3,30.8,,1.0,2.0,0.5,7.1,0.9,2.6,7.1,,,5.0,4.0,9.0,10.0,,10.0,38.0,215.0,1230.0,,210,-2.5670124029879138,0.9279588058881068
AB107ET,AB10 7ET,AB,0.43931398416886547,27.2,5.1,44.1,6.1,25.3,39.8,,6.0,6.5,0.8,17.4,0.9,2.6,9.9,,,5.0,4.0,9.0,5.0,,5.0,149.0,215.0,1304.0,,871,1.8356289809075579,0.9279588058881068
AB107EU,AB10 7EU,AB,0.0554089709762533,20.0,1.7,54.5,5.5,25.3,45.3,,1.0,4.5,0.4,14.2,0.8,2.6,11.0,,,5.0,4.0,9.0,4.0,,4.0,221.0,215.0,269.0,,238,-2.3375587803744686,0.9279588058881068
AB107EW,AB10 7EW,AB,0.03430079155672823,10.4,3.2,24.7,5.6,24.7,45.3,,1.1,2.2,0.9,5.7,1.0,5.7,11.0,,,5.0,4.0,9.0,4.0,,4.0,293.0,84.0,269.0,,241,-2.5670124029879138,0.9279588058881068
AB107EX,AB10 7EX,AB,0.41160949868073876,27.8,4.1,52.8,6.3,24.7,40.6,,8.6,6.7,0.8,14.1,0.9,5.7,10.2,,,5.0,4.0,9.0,5.0,,5.0,72.0,84.0,127.0,,106,1.534471101227411,0.9279588058881068
AB107EY,AB10 7EY,AB,0.08047493403693931,23.4,2.0,54.8,7.1,17.0,43.7,,1.2,5.0,0.6,13.9,1.0,2.9,10.2,,,5.0,11.0,9.0,11.0,,11.0,164.0,147.0,348.0,,243,-2.0650826035210033,0.9279588058881068
AB107EZ,AB10 7EZ,AB,0.22559366754617416,23.7,0.5,69.8,5.3,17.7,48.0,,1.1,4.9,0.5,20.0,0.8,1.8,12.1,,,5.0,11.0,9.0,11.0,,11.0,133.0,122.0,146.0,,134,-0.48758894805357034,0.9279588058881068
AB107FA,AB10 7FA,AB,0.08970976253298152,24.5,7.2,65.3,8.1,10.9,48.1,,1.1,5.2,0.8,20.0,1.0,1.1,12.0,,,5.0,11.0,5.0,5.0,,5.0,7.0,126.0,48.0,,68,-1.9646966436276212,0.9279588058881068
AB107FD,AB10 7FD,AB,0.47097625329815307,39.6,8.5,80.0,9.2,16.0,61.2,,10.0,8.5,0.3,20.0,0.8,1.1,15.0,,,5.0,11.0,9.0,14.0,,14.0,65.0,220.0,214.0,,204,2.179809414827725,0.9279588058881068
AB107FE,AB10 7FE,AB,0.47229551451187335,42.7,10.2,80.0,9.2,16.3,62.8,,10.0,9.3,0.8,20.0,0.8,1.1,15.6,,,5.0,11.0,13.0,17.0,,17.0,65.0,216.0,294.0,,260,2.1941502662410652,0.9279588058881068
AB107FF,AB10 7FF,AB,0.07255936675461741,27.3,4.8,68.8,7.0,16.3,50.5,,1.2,5.8,0.4,20.0,0.9,1.1,11.4,,,5.0,7.0,13.0,7.0,,7.0,70.0,216.0,266.0,,162,-2.151127712001045,0.9279588058881068
AB107FG,AB10 7FG,AB,0.0395778364116095,16.6,3.8,75.2,6.6,17.3,54.0,,1.1,3.8,0.7,20.0,1.0,1.2,14.7,,,5.0,12.0,13.0,4.0,,4.0,142.0,296.0,228.0,,167,-2.5096489973345526,0.9279588058881068
AB107FH,AB10 7FH,AB,0.04089709762532981,20.0,4.1,55.0,5.8,24.3,38.9,,1.1,4.1,0.4,10.0,0.8,6.5,8.1,,,5.0,14.0,13.0,12.0,,12.0,212.0,127.0,384.0,,268,-2.495308145921212,0.9279588058881068
AB107FJ,AB10 7FJ,AB,0.25725593667546176,27.7,5.1,72.0,7.4,16.4,44.8,,1.7,5.7,0.8,20.0,1.1,2.2,10.6,,,5.0,14.0,13.0,11.0,,11.0,65.0,136.0,475.0,,274,-0.1434085141334032,0.9279588058881068
AB107FL,AB10 7FL,AB,0.1411609498680739,21.4,2.5,79.9,6.0,15.3,47.6,,1.2,4.6,0.2,20.0,0.6,1.8,15.0,,,5.0,14.0,12.0,4.0,,4.0,76.0,198.0,243.0,,194,-1.4054034385073493,0.9279588058881068
AB107FN,AB10 7FN,AB,0.31398416886543534,31.0,13.3,68.5,6.0,14.8,47.1,,5.6,6.8,1.0,20.0,0.6,1.1,12.5,,,5.0,14.0,4.0,4.0,,4.0,76.0,167.0,161.0,,164,0.47324809664022927,0.9279588058881068
AB107FP,AB10 7FP,AB,0.12269129287598945,24.3,0.8,80.0,6.4,13.3,55.5,,1.1,5.5,0.4,20.0,0.9,0.9,15.3,,,5.0,7.0,8.0,8.0,,8.0,139.0,217.0,139.0,,158,-1.6061753582941136,0.9279588058881068
AB107FQ,AB10 7FQ,AB,0.48944591029023743,41.5,7.0,79.4,8.0,13.2,62.6,,10.0,10.3,0.8,20.0,1.1,1.2,16.5,,,5.0,5.0,8.0,12.0,,12.0,141.0,86.0,307.0,,237,2.3805813346144884,0.9279588058881068
AB107FR,AB10 7FR,AB,0.47229551451187335,40.7,10.4,73.3,8.0,10.4,48.3,,10.0,10.2,1.0,20.0,1.1,1.0,12.5,,,5.0,5.0,8.0,4.0,,4.0,141.0,515.0,197.0,,260,2.1941502662410652,0.9279588058881068
AB107FS,AB10 7FS,AB,0.16490765171503957,23.0,1.0,74.0,4.3,27.0,45.4,,1.6,5.5,0.2,19.0,0.8,8.2,10.7,,,6.0,5.0,8.0,8.0,,8.0,9.0,19.0,64.0,,32,-1.1472681130672242,0.9279588058881068
AB107FT,AB10 7FT,AB,0.0026385224274406358,4.4,3.4,5.5,4.4,27.0,45.4,,1.1,1.1,1.0,1.1,1.1,8.2,10.7,,,6.0,5.0,8.0,8.0,,8.0,14.0,19.0,64.0,,14,-2.911192836908081,0.9279588058881068
AB107FW,AB10 7FW,AB,0.21635883905013192,28.4,2.8,80.0,2.8,18.6,47.5,,1.2,4.9,0.4,20.0,0.5,1.3,11.2,,,6.0,5.0,13.0,8.0,,8.0,3.0,125.0,296.0,,182,-0.5879749079469526,0.9279588058881068
AB107FX,AB10 7FX,AB,0.20844327176781002,19.5,11.6,26.5,2.8,19.5,47.5,,1.1,3.3,1.0,10.0,0.5,3.3,11.2,,,6.0,5.0,4.0,8.0,,8.0,3.0,158.0,296.0,,158,-0.6740200164269944,0.9279588058881068
AB107FZ,AB10 7FZ,AB,0.9828496042216359,54.6,5.2,80.0,5.2,19.5,79.3,,20.0,13.5,0.6,20.0,0.6,3.3,20.0,,,6.0,5.0,4.0,8.0,,8.0,37.0,158.0,13.0,,21,7.744059763203761,0.9279588058881068
AB107GA,AB10 7GA,AB,0.0,5.0,2.9,9.1,5.0,19.5,79.3,,0.8,0.7,0.4,0.8,0.7,3.3,20.0,,,5.0,4.0,4.0,8.0,,8.0,102.0,158.0,13.0,,102,-2.9398745397347614,0.9279588058881068
AB107GB,AB10 7GB,AB,0.07519788918205805,25.0,4.1,79.9,7.5,11.5,52.6,,1.1,5.9,0.4,20.0,0.9,1.1,14.1,,,5.0,22.0,5.0,17.0,,17.0,213.0,420.0,214.0,,233,-2.1224460091743644,0.9279588058881068
AB107GD,AB10 7GD,AB,0.04485488126649076,20.3,3.9,76.2,6.7,29.8,53.5,,1.0,4.5,0.8,20.0,0.9,4.4,14.0,,,5.0,11.0,5.0,5.0,,5.0,286.0,201.0,186.0,,258,-2.4522855916811914,0.9279588058881068
AB107GF,AB10 7GF,AB,0.133245382585752,16.1,2.1,26.1,6.6,17.2,53.5,,1.2,1.8,0.3,5.0,1.0,1.9,14.0,,,5.0,4.0,44.0,5.0,,5.0,194.0,325.0,186.0,,311,-1.491448546987391,0.9279588058881068
AB107GG,AB10 7GG,AB,0.23614775725593667,20.4,14.1,25.0,6.6,20.4,53.5,,2.0,2.3,1.0,3.9,1.0,2.3,14.0,,,5.0,4.0,6.0,5.0,,5.0,194.0,588.0,186.0,,588,-0.37286213674684815,0.9279588058881068
AB107GH,AB10 7GH,AB,0.1345646437994723,13.9,5.3,22.2,5.3,16.1,53.5,,2.9,2.9,1.0,4.6,1.0,3.3,14.0,,,5.0,4.0,4.0,5.0,,5.0,37.0,565.0,186.0,,459,-1.477107695574051,0.9279588058881068
AB107GL,AB10 7GL,AB,0.08970976253298152,21.1,4.4,69.5,6.9,13.5,43.7,,1.1,5.3,0.5,20.0,1.0,4.2,11.2,,,5.0,7.0,7.0,8.0,,8.0,102.0,192.0,394.0,,231,-1.9646966436276212,0.9279588058881068
AB107GR,AB10 7GR,AB,0.4089709762532982,31.3,3.7,80.0,6.0,13.5,42.7,,8.7,7.4,0.6,20.0,0.8,4.2,10.4,,,5.0,7.0,7.0,20.0,,20.0,177.0,192.0,460.0,,369,1.5057893984007313,0.9279588058881068
AB107GS,AB10 7GS,AB,0.09234828496042216,24.5,2.1,76.5,7.0,11.5,50.5,,1.2,5.8,0.8,20.0,1.0,1.1,13.9,,,5.0,8.0,8.0,10.0,,10.0,201.0,229.0,232.0,,222,-1.9360149408009406,0.9279588058881068
AB107GT,AB10 7GT,AB,0.0712401055408971,15.3,2.8,40.0,7.5,12.8,40.0,,1.1,3.1,0.8,10.0,1.1,1.1,10.0,,,5.0,5.0,8.0,10.0,,10.0,388.0,91.0,882.0,,465,-2.165468563414385,0.9279588058881068
AB107GU,AB10 7GU,AB,0.10817941952506596,22.4,7.6,74.1,8.3,12.1,48.5,,1.1,4.6,0.8,20.0,1.0,1.0,12.5,,,5.0,5.0,6.0,4.0,,4.0,384.0,205.0,41.0,,196,-1.763924723840857,0.9279588058881068
AB107GW,AB10 7GW,AB,0.10422163588390501,23.4,4.1,70.8,7.4,13.8,48.1,,1.1,5.2,0.5,20.0,0.8,2.2,12.6,,,5.0,5.0,8.0,7.0,,7.0,25.0,16.0,195.0,,79,-1.806947278080878,0.9279588058881068
AB107GX,AB10 7GX,AB,0.47229551451187335,42.4,6.6,73.9,6.6,14.5,57.8,,10.0,10.6,0.8,20.0,1.1,1.6,15.5,,,5.0,5.0,7.0,15.0,,15.0,34.0,184.0,205.0,,191,2.1941502662410652,0.9279588058881068
AB107GY,AB10 7GY,AB,0.05936675461741424,18.1,2.3,80.0,6.3,19.8,61.8,,1.1,3.5,0.3,20.0,0.9,2.6,15.7,,,4.0,8.0,6.0,15.0,,15.0,72.0,180.0,217.0,,123,-2.294536226134448,0.9279588058881068
AB107GZ,AB10 7GZ,AB,0.06992084432717677,26.9,5.5,80.0,8.0,16.7,61.0,,1.1,6.6,0.4,20.0,0.9,3.0,16.9,,,4.0,14.0,4.0,9.0,,9.0,106.0,255.0,174.0,,153,-2.1798094148277256,0.9279588058881068
AB107HA,AB10 7HA,AB,0.287598944591029,22.4,4.8,41.9,6.7,26.0,37.7,,5.3,5.7,0.5,17.2,0.8,8.0,10.1,,,4.0,6.0,4.0,7.0,,7.0,157.0,153.0,226.0,,189,0.18643106837342346,0.9279588058881068
AB107HB,AB10 7HB,AB,0.47229551451187335,40.1,5.9,79.4,7.5,11.7,57.1,,10.0,9.8,0.6,20.0,1.0,1.0,14.6,,,4.0,4.0,4.0,11.0,,11.0,532.0,625.0,335.0,,418,2.1941502662410652,0.9279588058881068
AB107HD,AB10 7HD,AB,0.2308707124010554,26.2,2.6,77.2,6.5,17.6,49.7,,3.6,6.6,0.5,20.0,0.9,3.1,14.3,,,4.0,11.0,14.0,16.0,,16.0,158.0,527.0,414.0,,366,-0.43022554240020955,0.9279588058881068
AB107HE,AB10 7HE,AB,0.525065963060686,38.7,5.9,56.5,5.9,17.6,46.9,,12.4,11.2,0.8,20.0,0.8,3.1,13.8,,,4.0,11.0,14.0,4.0,,4.0,114.0,527.0,427.0,,364,2.7677843227746766,0.9279588058881068
AB107HF,AB10 7HF,AB,0.1279683377308707,24.6,9.2,79.9,9.2,12.8,53.3,,1.0,4.7,0.8,20.0,1.0,1.0,13.3,,,4.0,11.0,6.0,4.0,,4.0,12.0,13.0,44.0,,23,-1.5488119526407524,0.9279588058881068
AB107HG,AB10 7HG,AB,0.02770448548812665,12.5,2.7,78.2,5.0,15.2,78.2,,1.1,2.4,0.4,20.0,0.9,2.2,20.0,,,7.0,4.0,6.0,4.0,,4.0,72.0,58.0,295.0,,80,-2.638716660054615,0.9279588058881068
AB107HH,AB10 7HH,AB,0.20448548812664907,15.8,1.0,32.4,4.7,21.6,32.1,,4.1,3.3,0.5,7.7,0.8,5.1,6.2,,,7.0,4.0,5.0,4.0,,4.0,195.0,346.0,828.0,,372,-0.7170425706670153,0.9279588058881068
AB107HJ,AB10 7HJ,AB,0.07255936675461741,11.1,2.0,67.8,5.7,12.7,67.8,,0.6,1.6,0.4,20.0,0.6,0.8,20.0,,,5.0,8.0,8.0,4.0,,4.0,237.0,435.0,143.0,,299,-2.151127712001045,0.9279588058881068
AB107HL,AB10 7HL,AB,0.12532981530343007,32.1,2.8,80.0,7.7,13.8,68.4,,1.1,7.3,0.8,20.0,1.0,1.1,17.9,,,5.0,16.0,17.0,20.0,,20.0,166.0,177.0,265.0,,206,-1.5774936554674333,0.9279588058881068
AB107HN,AB10 7HN,AB,0.17941952506596306,37.3,7.6,80.0,8.4,13.9,64.6,,1.2,8.4,0.8,20.0,1.0,1.0,16.7,,,5.0,16.0,8.0,9.0,,9.0,34.0,291.0,477.0,,352,-0.9895187475204809,0.9279588058881068
AB107HP,AB10 7HP,AB,0.22691292875989444,24.7,4.6,52.0,4.9,14.8,41.7,,4.0,5.1,0.6,13.2,0.9,2.4,9.3,,,5.0,16.0,6.0,7.0,,7.0,23.0,226.0,613.0,,357,-0.47324809664023043,0.9279588058881068
AB107HQ,AB10 7HQ,AB,0.4696569920844327,33.3,7.0,79.9,8.2,12.3,54.7,,7.6,7.5,0.7,20.0,1.0,1.1,13.2,,,5.0,6.0,6.0,8.0,,8.0,398.0,49.0,387.0,,364,2.165468563414384,0.9279588058881068
AB107HR,AB10 7HR,AB,0.10026385224274406,26.1,3.4,80.0,7.1,11.5,54.5,,1.1,6.0,0.8,20.0,1.0,1.1,14.3,,,5.0,10.0,9.0,12.0,,12.0,160.0,226.0,281.0,,224,-1.8499698323208988,0.9279588058881068
AB107HS,AB10 7HS,AB,0.47229551451187335,39.1,5.6,80.0,6.6,11.3,60.0,,10.0,9.5,0.8,20.0,1.0,1.1,15.3,,,5.0,10.0,4.0,10.0,,10.0,302.0,596.0,455.0,,453,2.1941502662410652,0.9279588058881068
AB107HT,AB10 7HT,AB,0.0870712401055409,30.3,1.8,80.0,7.0,13.9,60.5,,1.1,7.6,0.8,20.0,0.9,5.2,15.2,,,5.0,5.0,4.0,7.0,,7.0,167.0,606.0,321.0,,308,-1.9933783464543016,0.9279588058881068
AB107HU,AB10 7HU,AB,0.47229551451187335,38.5,5.1,80.0,7.6,10.5,55.8,,10.0,10.1,0.8,20.0,1.0,1.1,15.2,,,5.0,8.0,4.0,16.0,,16.0,143.0,385.0,570.0,,426,2.1941502662410652,0.9279588058881068
AB107HW,AB10 7HW,AB,0.1266490765171504,30.4,3.8,80.0,8.1,13.3,54.9,,1.1,7.2,0.6,20.0,1.0,1.0,14.5,,,5.0,17.0,8.0,22.0,,22.0,212.0,441.0,395.0,,321,-1.5631528040540927,0.9279588058881068
AB107HX,AB10 7HX,AB,0.3007915567282322,26.7,6.1,54.9,8.3,16.7,43.1,,7.0,6.8,0.8,17.6,0.9,4.3,11.8,,,5.0,17.0,8.0,4.0,,4.0,404.0,487.0,123.0,,274,0.32983958250682666,0.9279588058881068
AB107HY,AB10 7HY,AB,0.47229551451187335,35.5,7.8,68.1,9.0,10.6,47.3,,10.0,9.1,1.0,20.0,1.1,1.3,12.7,,,5.0,4.0,8.0,11.0,,11.0,130.0,196.0,405.0,,323,2.1941502662410652,0.9279588058881068
AB107HZ,AB10 7HZ,AB,0.1015831134564644,26.1,4.1,80.0,7.3,14.2,53.4,,1.1,6.0,0.8,20.0,1.0,2.2,13.7,,,5.0,19.0,12.0,19.0,,19.0,180.0,240.0,347.0,,256,-1.8356289809075583,0.9279588058881068
AB107JA,AB10 7JA,AB,0.4511873350923483,37.4,7.2,77.3,8.5,13.6,53.2,,9.5,9.6,0.8,20.0,1.0,1.2,14.7,,,5.0,19.0,12.0,10.0,,10.0,127.0,395.0,347.0,,315,1.9646966436276208,0.9279588058881068
AB107JB,AB10 7JB,AB,0.47229551451187335,37.4,8.5,73.5,8.5,10.1,49.3,,10.0,8.9,0.5,20.0,0.5,1.0,12.4,,,5.0,19.0,12.0,7.0,,7.0,1.0,137.0,458.0,,348,2.1941502662410652,0.9279588058881068
AB107JD,AB10 7JD,AB,0.2638522427440633,30.6,2.4,80.0,6.3,13.2,53.7,,5.5,7.3,0.7,20.0,0.9,1.1,13.6,,,4.0,5.0,12.0,11.0,,11.0,233.0,290.0,522.0,,383,-0.07170425706670189,0.9279588058881068
AB107JE,AB10 7JE,AB,0.08179419525065965,24.6,6.3,56.4,8.4,10.4,45.5,,1.1,6.3,0.8,20.0,0.9,1.1,13.3,,,4.0,5.0,12.0,11.0,,11.0,208.0,0.0,819.0,,377,-2.0507417521076627,0.9279588058881068
AB107JF,AB10 7JF,AB,0.03693931398416886,28.3,4.4,77.4,6.2,10.4,57.8,,1.2,7.5,0.5,19.9,0.9,1.1,16.2,,,4.0,5.0,12.0,11.0,,11.0,466.0,0.0,807.0,,612,-2.538330700161233,0.9279588058881068
AB107JG,AB10 7JG,AB,0.3733509234828496,29.6,6.0,80.0,6.8,14.4,47.4,,6.3,6.4,0.8,19.7,0.9,1.8,11.3,,,4.0,5.0,4.0,6.0,,6.0,972.0,346.0,184.0,,369,1.1185864102405427,0.9279588058881068
AB107JH,AB10 7JH,AB,0.4670184696569921,30.3,4.5,58.1,5.8,15.5,43.0,,10.0,7.9,0.5,20.0,0.9,2.6,11.9,,,4.0,5.0,8.0,19.0,,19.0,241.0,375.0,406.0,,372,2.136786860587704,0.9279588058881068
AB107JN,AB10 7JN,AB,0.19920844327176784,19.5,3.1,40.6,4.6,20.6,35.3,,4.3,3.6,0.4,7.2,0.8,4.0,6.3,,,5.0,5.0,8.0,6.0,,6.0,109.0,532.0,330.0,,333,-0.7744059763203761,0.9279588058881068
AB107JP,AB10 7JP,AB,0.03034300791556728,15.8,4.5,70.1,5.7,18.0,70.1,,1.0,3.4,0.4,20.0,0.8,3.0,20.0,,,5.0,4.0,8.0,6.0,,6.0,105.0,381.0,135.0,,170,-2.610034957227935,0.9279588058881068
AB107JQ,AB10 7JQ,AB,0.060686015831134574,11.0,1.7,74.9,5.3,15.7,74.9,,0.8,1.8,0.4,20.0,0.8,2.2,20.0,,,13.0,11.0,18.0,6.0,,6.0,220.0,314.0,560.0,,265,-2.2801953747211074,0.9279588058881068
AB107JR,AB10 7JR,AB,0.0474934036939314,14.5,3.1,80.0,6.0,18.5,49.3,,1.0,2.7,0.4,20.0,0.9,3.4,10.9,,,5.0,17.0,12.0,4.0,,4.0,170.0,250.0,106.0,,189,-2.4236038888545104,0.9279588058881068
AB107JS,AB10 7JS,AB,0.13984168865435356,18.3,0.3,55.0,5.0,16.1,43.7,,1.0,2.7,0.4,12.0,0.8,2.1,6.7,,,5.0,5.0,9.0,5.0,,5.0,209.0,178.0,167.0,,187,-1.4197442899206898,0.9279588058881068
AB107JT,AB10 7JT,AB,0.16094986807387862,22.9,0.8,68.3,5.6,16.4,41.1,,2.0,4.9,0.4,20.0,0.7,4.5,9.2,,,5.0,4.0,9.0,8.0,,8.0,236.0,454.0,544.0,,394,-1.190290667307245,0.9279588058881068
AB107JU,AB10 7JU,AB,0.22691292875989444,22.0,4.7,39.9,5.9,11.9,36.2,,4.5,5.1,0.8,10.0,1.0,0.8,9.2,,,5.0,4.0,9.0,8.0,,8.0,173.0,33.0,272.0,,199,-0.47324809664023043,0.9279588058881068
AB107JW,AB10 7JW,AB,0.3799472295514512,32.1,0.4,77.8,5.3,26.0,47.8,,9.4,8.1,0.6,20.0,0.8,6.8,12.1,,,5.0,4.0,9.0,8.0,,8.0,18.0,234.0,220.0,,169,1.1902906673072446,0.9279588058881068
AB107JX,AB10 7JX,AB,0.07519788918205805,25.6,2.9,80.0,5.5,22.2,60.7,,1.0,5.9,0.2,20.0,0.9,2.5,15.9,,,5.0,5.0,9.0,6.0,,6.0,254.0,52.0,236.0,,226,-2.1224460091743644,0.9279588058881068
AB107JY,AB10 7JY,AB,0.47229551451187335,36.6,7.6,80.0,8.7,11.4,51.1,,10.0,8.8,0.9,20.0,1.2,0.9,13.1,,,5.0,5.0,9.0,11.0,,11.0,286.0,29.0,494.0,,368,2.1941502662410652,0.9279588058881068
AB107JZ,AB10 7JZ,AB,0.47229551451187335,37.9,9.3,70.5,9.3,14.1,57.0,,10.0,9.0,0.9,20.0,1.0,0.9,15.0,,,5.0,5.0,9.0,4.0,,4.0,26.0,213.0,167.0,,160,2.1941502662410652,0.9279588058881068
AB107LA,AB10 7LA,AB,0.47229551451187335,33.2,2.4,60.8,5.9,14.1,46.2,,10.0,9.4,0.6,20.0,0.9,0.9,13.4,,,5.0,6.0,9.0,19.0,,19.0,68.0,213.0,227.0,,176,2.1941502662410652,0.9279588058881068
AB107LB,AB10 7LB,AB,0.2691292875989446,27.0,1.5,80.0,5.2,23.7,49.9,,7.5,7.2,0.8,20.0,1.7,4.7,13.4,,,5.0,6.0,9.0,10.0,,10.0,86.0,212.0,252.0,,175,-0.014340851413340499,0.9279588058881068
AB107LD,AB10 7LD,AB,0.03034300791556728,10.5,3.9,33.1,5.3,16.0,33.1,,0.8,1.6,0.4,9.8,0.7,1.9,9.8,,,7.0,6.0,8.0,10.0,,10.0,96.0,133.0,1106.0,,158,-2.610034957227935,0.9279588058881068
AB107LE,AB10 7LE,AB,0.42480211081794195,43.2,2.5,80.0,5.0,13.1,58.5,,5.1,10.2,0.7,20.0,1.0,3.3,13.8,,,7.0,6.0,8.0,12.0,,12.0,111.0,445.0,168.0,,171,1.6778796153608142,0.9279588058881068
AB107LF,AB10 7LF,AB,0.05936675461741424,21.2,2.3,60.0,7.0,13.1,49.6,,1.0,4.5,0.5,15.0,0.9,3.3,11.7,,,7.0,5.0,8.0,12.0,,12.0,88.0,445.0,327.0,,167,-2.294536226134448,0.9279588058881068
AB107LH,AB10 7LH,AB,0.41424802110817943,27.9,3.9,80.0,6.2,16.8,46.3,,7.2,7.0,0.4,20.0,0.9,6.2,11.7,,,7.0,13.0,5.0,22.0,,22.0,156.0,75.0,413.0,,271,1.563152804054092,0.9279588058881068
AB107LJ,AB10 7LJ,AB,0.2546174142480211,26.3,3.6,61.8,5.5,21.5,49.8,,6.0,6.6,0.8,19.1,0.9,6.6,11.5,,,7.0,4.0,9.0,8.0,,8.0,138.0,251.0,392.0,,265,-0.17209021696008417,0.9279588058881068
AB107LL,AB10 7LL,AB,0.3245382585751979,30.2,5.1,74.1,6.7,17.7,51.9,,4.7,6.9,0.8,20.0,1.0,2.6,12.4,,,7.0,5.0,9.0,6.0,,6.0,471.0,43.0,351.0,,375,0.5879749079469521,0.9279588058881068
AB107LN,AB10 7LN,AB,0.47229551451187335,40.4,10.1,80.0,6.7,14.2,54.7,,8.3,8.9,1.0,20.0,1.0,1.1,13.2,,,7.0,5.0,6.0,11.0,,11.0,471.0,89.0,264.0,,209,2.1941502662410652,0.9279588058881068
AB107LP,AB10 7LP,AB,0.47229551451187335,45.8,10.0,80.0,6.7,13.8,56.4,,10.0,11.1,0.9,20.0,1.0,1.0,14.4,,,7.0,5.0,6.0,6.0,,6.0,471.0,266.0,230.0,,239,2.1941502662410652,0.9279588058881068
AB107LQ,AB10 7LQ,AB,0.4182058047493404,35.7,1.4,73.9,1.4,14.0,52.2,,10.0,10.2,0.5,20.0,0.5,4.0,14.9,,,7.0,5.0,6.0,6.0,,6.0,22.0,350.0,296.0,,285,1.606175358294113,0.9279588058881068
AB107LR,AB10 7LR,AB,0.2585751978891821,22.9,8.0,40.0,8.0,21.3,39.4,,3.3,4.0,1.0,10.0,1.1,3.5,8.1,,,7.0,5.0,11.0,6.0,,6.0,139.0,280.0,233.0,,262,-0.12906766272006268,0.9279588058881068
AB107LT,AB10 7LT,AB,0.2467018469656992,22.7,4.0,48.0,7.0,18.2,38.1,,3.8,4.2,0.3,11.2,0.8,3.3,7.4,,,7.0,4.0,17.0,11.0,,11.0,265.0,319.0,282.0,,297,-0.25813532544012596,0.9279588058881068
AB107LU,AB10 7LU,AB,0.03693931398416886,13.4,2.3,40.0,5.2,13.8,37.5,,0.8,2.4,0.5,13.3,0.8,0.9,9.1,,,5.0,10.0,7.0,5.0,,5.0,177.0,142.0,127.0,,159,-2.538330700161233,0.9279588058881068
AB107LW,AB10 7LW,AB,0.7071240105540897,53.5,22.7,76.2,5.2,22.7,61.3,,18.8,15.0,1.2,20.0,0.8,1.2,18.4,,,5.0,10.0,7.0,4.0,,4.0,177.0,191.0,56.0,,83,4.746821817815638,0.9279588058881068
AB107LX,AB10 7LX,AB,0.233509234828496,25.7,5.7,67.4,8.0,16.9,44.6,,2.6,5.0,0.3,20.0,0.8,2.7,9.7,,,5.0,7.0,14.0,13.0,,13.0,192.0,139.0,267.0,,199,-0.4015438395735292,0.9279588058881068
AB107LY,AB10 7LY,AB,0.06860158311345647,30.4,6.1,80.0,7.5,16.9,57.0,,1.1,7.7,0.6,20.0,0.9,2.7,15.7,,,5.0,7.0,14.0,6.0,,6.0,117.0,139.0,168.0,,141,-2.1941502662410657,0.9279588058881068
AB107NA,AB10 7NA,AB,0.47229551451187335,36.3,14.0,59.3,7.5,16.2,49.8,,10.0,8.2,1.1,20.0,0.9,1.2,12.9,,,5.0,7.0,4.0,6.0,,6.0,117.0,149.0,85.0,,110,2.1941502662410652,0.9279588058881068
AB107NB,AB10 7NB,AB,0.2467018469656992,25.7,14.3,40.0,7.5,18.6,40.0,,1.3,4.2,1.2,10.0,0.9,1.2,10.0,,,5.0,7.0,4.0,6.0,,6.0,117.0,232.0,208.0,,224,-0.25813532544012596,0.9279588058881068
AB107ND,AB10 7ND,AB,0.3034300791556728,38.6,10.7,80.0,7.5,12.9,64.2,,5.6,8.8,0.6,20.0,0.9,1.0,16.5,,,5.0,7.0,5.0,5.0,,5.0,117.0,78.0,363.0,,220,0.3585212853335071,0.9279588058881068
AB107NE,AB10 7NE,AB,0.2058047493403694,28.3,8.6,70.4,8.6,16.9,55.2,,5.7,7.0,1.1,18.5,1.1,4.2,14.2,,,5.0,7.0,5.0,5.0,,5.0,100.0,61.0,228.0,,123,-0.7027017192536749,0.9279588058881068
AB107NF,AB10 7NF,AB,0.19656992084432717,30.3,14.2,76.8,8.6,17.4,51.0,,1.2,6.1,0.8,18.9,1.1,1.1,14.2,,,5.0,7.0,8.0,5.0,,5.0,100.0,211.0,227.0,,218,-0.8030876791470571,0.9279588058881068
AB107NG,AB10 7NG,AB,0.5395778364116095,36.7,8.1,78.0,8.1,14.5,52.2,,10.0,9.4,0.9,20.0,1.1,1.1,14.9,,,5.0,7.0,5.0,9.0,,9.0,40.0,74.0,134.0,,108,2.9255336883214205,0.9279588058881068
AB107NH,AB10 7NH,AB,0.47229551451187335,34.2,6.7,55.0,6.7,29.1,45.0,,9.9,6.9,0.8,10.0,0.8,3.9,10.0,,,5.0,7.0,5.0,9.0,,9.0,0.0,62.0,89.0,,66,2.1941502662410652,0.9279588058881068
AB107NJ,AB10 7NJ,AB,0.29023746701846964,34.0,8.8,80.0,8.8,15.1,54.1,,5.7,8.0,0.9,20.0,1.1,1.8,14.5,,,5.0,7.0,21.0,21.0,,21.0,227.0,133.0,228.0,,181,0.21511277120010386,0.9279588058881068
AB107NL,AB10 7NL,AB,0.8773087071240107,56.8,18.0,80.0,8.8,19.5,67.5,,18.1,13.5,0.8,20.0,1.1,1.0,17.0,,,5.0,7.0,21.0,7.0,,7.0,227.0,140.0,357.0,,309,6.596791650136538,0.9279588058881068
AB107NN,AB10 7NN,AB,0.44722955145118737,38.7,3.8,80.0,3.8,14.4,59.5,,10.0,8.5,0.6,20.0,0.6,1.1,14.6,,,5.0,7.0,8.0,11.0,,11.0,15.0,213.0,198.0,,195,1.9216740893875999,0.9279588058881068
AB107NP,AB10 7NP,AB,0.3100263852242744,29.0,8.6,59.4,9.2,18.4,43.9,,8.3,6.1,0.8,12.1,1.1,3.6,9.8,,,5.0,7.0,9.0,9.0,,9.0,13.0,200.0,148.0,,158,0.4302255424002083,0.9279588058881068
AB107NQ,AB10 7NQ,AB,0.4683377308707124,36.7,11.2,67.0,9.2,13.4,53.3,,9.6,7.2,1.0,18.8,1.1,1.1,11.6,,,5.0,7.0,5.0,7.0,,7.0,13.0,197.0,380.0,,304,2.151127712001044,0.9279588058881068
AB107NR,AB10 7NR,AB,0.38918205804749345,37.3,8.2,80.0,8.2,16.6,53.5,,10.0,9.1,0.9,20.0,0.9,2.7,14.1,,,5.0,7.0,8.0,12.0,,12.0,77.0,286.0,272.0,,268,1.290676627200627,0.9279588058881068
AB107NS,AB10 7NS,AB,0.15567282321899736,26.4,2.0,60.5,4.6,14.7,50.8,,1.2,5.3,0.7,18.3,1.2,1.1,12.5,,,5.0,7.0,9.0,7.0,,7.0,85.0,120.0,47.0,,83,-1.2476540729606063,0.9279588058881068
AB107NT,AB10 7NT,AB,0.47229551451187335,29.7,7.6,53.6,8.2,13.7,42.0,,7.2,6.5,0.8,15.5,0.8,1.1,10.3,,,5.0,7.0,5.0,10.0,,10.0,29.0,101.0,381.0,,257,2.1941502662410652,0.9279588058881068
AB107NU,AB10 7NU,AB,0.1345646437994723,22.4,2.6,59.0,7.4,14.3,42.8,,1.2,4.7,1.0,20.0,1.1,1.8,10.7,,,5.0,5.0,9.0,8.0,,8.0,106.0,335.0,468.0,,321,-1.477107695574051,0.9279588058881068
AB107NW,AB10 7NW,AB,0.1517150395778364,20.2,4.5,40.3,6.7,19.3,37.0,,3.0,4.1,0.4,10.5,2.2,2.6,8.4,,,5.0,5.0,8.0,6.0,,6.0,49.0,231.0,344.0,,203,-1.2906766272006271,0.9279588058881068
AB107NX,AB10 7NX,AB,0.29287598944591026,32.6,1.7,67.2,3.8,18.2,51.8,,2.4,6.9,0.7,20.0,0.8,1.3,13.2,,,5.0,5.0,8.0,9.0,,9.0,44.0,279.0,193.0,,211,0.24379447402678425,0.9279588058881068
AB107NY,AB10 7NY,AB,0.31794195250659635,30.5,6.5,68.1,6.5,19.0,51.7,,6.4,6.8,1.0,20.0,1.2,3.3,13.0,,,5.0,5.0,9.0,6.0,,6.0,0.0,116.0,132.0,,115,0.5162706508802507,0.9279588058881068
AB107NZ,AB10 7NZ,AB,0.10817941952506596,22.0,8.6,61.5,8.6,11.9,53.4,,1.1,4.3,0.6,18.6,1.1,1.0,14.2,,,5.0,5.0,8.0,6.0,,6.0,132.0,95.0,429.0,,182,-1.763924723840857,0.9279588058881068
AB107PB,AB10 7PB,AB,0.46437994722955145,33.2,5.8,79.2,7.8,12.0,51.1,,10.0,8.1,0.7,20.0,0.9,1.1,13.6,,,5.0,5.0,4.0,9.0,,9.0,220.0,288.0,194.0,,222,2.108105157761023,0.9279588058881068
AB107PD,AB10 7PD,AB,0.36015831134564646,33.2,9.2,80.0,9.2,17.6,50.5,,9.0,7.8,0.7,20.0,0.7,3.4,12.8,,,5.0,5.0,4.0,5.0,,5.0,134.0,104.0,354.0,,232,0.9751778961071401,0.9279588058881068
AB107PG,AB10 7PG,AB,0.33509234828496043,35.6,4.7,80.0,7.3,18.3,58.4,,5.6,8.0,0.8,20.0,1.0,1.1,15.0,,,5.0,5.0,4.0,4.0,,4.0,13.0,103.0,111.0,,85,0.7027017192536742,0.9279588058881068
AB107PH,AB10 7PH,AB,0.2453825857519789,29.4,14.0,73.6,7.3,18.6,46.5,,3.4,6.0,0.8,17.7,1.0,2.5,11.5,,,5.0,5.0,8.0,5.0,,5.0,13.0,220.0,160.0,,197,-0.27247617685346587,0.9279588058881068
AB107PL,AB10 7PL,AB,0.47229551451187335,41.5,14.3,80.0,7.3,18.2,58.5,,10.0,9.7,1.0,20.0,1.0,1.2,16.0,,,5.0,5.0,8.0,11.0,,11.0,13.0,102.0,179.0,,149,2.1941502662410652,0.9279588058881068
AB107PP,AB10 7PP,AB,0.2071240105540897,24.3,1.8,63.0,4.9,16.5,52.9,,1.2,4.7,0.3,19.3,0.4,1.0,15.1,,,5.0,5.0,6.0,11.0,,11.0,103.0,137.0,259.0,,164,-0.6883608678403349,0.9279588058881068
AB107PQ,AB10 7PQ,AB,0.46437994722955145,39.6,4.6,78.3,4.6,14.2,56.7,,6.3,8.8,0.8,20.0,1.1,1.0,13.6,,,5.0,5.0,4.0,8.0,,8.0,31.0,269.0,160.0,,183,2.108105157761023,0.9279588058881068
AB107PR,AB10 7PR,AB,0.33245382585751976,39.0,8.2,80.0,8.6,14.6,64.4,,5.7,8.4,1.0,20.0,1.1,1.1,15.6,,,5.0,5.0,10.0,12.0,,12.0,125.0,142.0,241.0,,188,0.6740200164269932,0.9279588058881068
